{
    "adventure_grid": {
        "type": "array",
        "orientation": "vertical",
        "margin": "0,0",
        "content": [
            {
                "type": "array",
                "orientation": "horizontal",
                "margin": "0,0",
                "content": [
                    {
                        "type": "itemgrid",
                        "item_margin": "10, 5",
                        "h_alignment": "left",
						"item_size": 60,
                        "rows": [
                            ["Grip_Gloves", "Glow_Stone", "Floating_Shoes", "Hermits_Scale", "Archaeopteryx_Wing","Purifying_Bell"],
                        ]
                    }
                ]
            }
        ]
    },
    "playable_grid": {
        "type": "array",
        "orientation": "vertical",
        "margin": "0,0",
        "content": [
            {
                "type": "array",
                "orientation": "horizontal",
                "margin": "0,0",
                "content": [
                    {
                        "type": "itemgrid",
                        "item_margin": "5, 0",
                        "h_alignment": "left",
						"item_size": 70,
                        "rows": [
                            ["Adol", "Laxia", "Sahad", "Hummel", "Ricotta", "Dana"],
                        ]
                    }
                ]
            }
        ]
    },
    "npc_grid": {
        "type": "array",
        "orientation": "vertical",
        "margin": "0,0",
        "content": [
            {
                "type": "array",
                "orientation": "horizontal",
                "margin": "0,0",
                "content": [
                    {
                        "type": "itemgrid",
                        "item_margin": "14, 1",
                        "h_alignment": "left",
						"item_size": 70,
                        "rows": [
                            ["Dina", "Euron", "Austin", "Silvia", "Castaways"]
                        ]
                    }
                ]
            }
        ]
    },
    "eternia_grid": {
        "type": "array",
        "orientation": "vertical",
        "margin": "0,0",
        "content": [
            {
                "type": "array",
                "orientation": "horizontal",
                "margin": "0,0",
                "content": [
                    {
                        "type": "itemgrid",
                        "item_margin": "1, 2",
                        "h_alignment": "left",
						"item_size": 60,
                        "rows": [
                            ["maiden_journal", "blue_seal", "green_seal", "golden_seal", "frosted_flower", "treasure_chest_key", "maiden_amulet", "jade_pendant"],
                        ]
                    }
                ]
            }
        ]
    },
    "other_grid": {
        "type": "array",
        "orientation": "vertical",
        "margin": "0,0",
        "content": [
            {
                "type": "array",
                "orientation": "horizontal",
                "margin": "0,0",
                "content": [
                    {
                        "type": "itemgrid",
                        "item_margin": "1, 2",
                        "h_alignment": "left",
						"item_size": 60,
                        "rows": [
                            ["fishing_rod", "recipes", "ship_log", "Tnotes", "psyches", "ship_blueprints", "seiren_map", "mistilteinn"],
                        ]
                    }
                ]
            }
        ]
    },
	
	"landmarks_grid": {
        "type": "array",
        "orientation": "vertical",
        "margin": "0,0",
        "content": [
            {
                "type": "array",
                "orientation": "horizontal",
                "margin": "0,0",
                "content": [
                    {
                        "type": "itemgrid",
                        "item_margin": "1, 1",
                        "h_alignment": "left",
						"item_size": 80,
                        "rows": [
                            ["cobalt_crag", "birdsong_rock", "rainbow_falls", "metavolicalis", "milky_white_vein", "chimney_rock"],
							["indigo_mineral_vein", "beached_remains", "zephyr_hill", "beehive", "field_of_medicinal_herbs", "airs_cairn"],
							["parasequoia", "prismatic_mineral_vein", "ancient_tree", "breath_fountain", "unicalamites", "ship_graveyard"],
							["hidden_pirates_storehouse", "lapis_mineral_vein", "soundless_hall", "sky_garden", "magnacarpa", "graves_of_ancient_heroes"],
                        ]
                    }
                ]
            }
        ]
    },
    
}