{
  "settings_popup": {
    "type": "container",
    "background": "#000000",
    "margin": "6, 6",
    "content": {
      "type": "tabbed",
      "tabs": [
        {
          "title": "Mode and Goal",
          "content": [
            {
              "type": "itemgrid",
              "item_h_alignment": "left",
              "item_size": "400, 33",
              "rows": [
				[ "PastDanaMode" ],
				[],
                [ "Escape" ],
				[],
				[ "Castaways_toggle" ],
                [ "Castaways_Goal" ],
                [ "Castaways_Octus" ],
				[],
				[ "Psyches_toggle" ],
                [ "Psyches_Goal" ],
				[ "Psyches_Octus" ],

              ]
            }
          ]
        },
		{
          "title": "Locations settings",
          "content": [
            {
              "type": "itemgrid",
              "item_h_alignment": "left",
              "item_size": "400, 35",
              "rows": [
                [ "Prismatic" ],
				[ "fish_trades" ],
				[ "food_trades" ],
				[ "exploration" ],
				[ "discoveries" ],
				[ "intercept_rewards" ],
				[ "kong_rewards" ],
				[ "silvia_fight" ],
				[ "mephorash_fight" ],
				[ "FSC access" ],
				[ "NorthSideOpen" ],
				[ "landmark_sanity" ],
				
				

              ]
            }
          ]
        },
		]
		}
	}
}