{
    "tracker_default": {
        "type": "container",
        "background": "#000000",
        "content": {
            "type": "dock",
            "dropshadow": true,
            "content": [
                {
                    "type": "dock",
                    "dock": "left",
                    "v_alignment": "stretch",
                    "content": [
                        {
                            "type": "group",
                            "header": "Adventure Gear",
                            "dock": "top",
                            "content": {
                                "type": "layout",
                                "key": "adventure_grid"
                            }
                        },
                        {
                            "type": "group",
                            "header": "Playable Characters",
                            "dock": "top",
                            "content": {
                                "type": "layout",
                                "key": "playable_grid"
                            }
                        },
                        {
                            "type": "group",
                            "header": "Castaways",
                            "dock": "top",
                            "content": {
                                "type": "layout",
                                "key": "npc_grid"
                            }
                        },
                        {
                            "type": "group",
                            "header": "Eternia Items",
                            "dock": "top",
                            "content": {
                                "type": "layout",
                                "key": "eternia_grid"
                            }
                        },
                        {
                            "type": "group",
                            "header": "Other Items",
                            "dock": "top",
                            "content": {
                                "type": "layout",
                                "key": "other_grid"
                            }
                        },
                        {
                            "type": "group",
                            "header": "Landmarks",
                            "dock": "top",
                            "content": {
                                "type": "layout",
                                "key": "landmarks_grid"
                            }
                        }
                    ]
                }, 
            ]
        }
    },
    "tracker_horizontal": {
        "type": "container",
        "background": "#000000",
        "content": {
            "type": "dock",
            "dropshadow": true,
            "content": [
                {
                    "type": "dock",
                    "dock": "left",
                    "v_alignment": "stretch",
                    "content": [
                        {
                            "type": "group",
                            "header": "Adventure Gear",
                            "dock": "top",
                            "margin": "0,0,3,0",
                            "content": {
                                "type": "layout",
                                "h_alignment": "center",
                                "v_alignment": "center",
                                "key": "adventure_grid"
                            }
                        },
                        {
                            "type": "group",
                            "header": "Playable Characters",
                            "dock": "top",
                            "margin": "0,0,3,0",
                            "content": {
                                "type": "layout",
                                "key": "playable_grid"
                            }
                        },
                        {
                            "type": "group",
                            "header": "Castaways",
                            "dock": "top",
                            "margin": "0,0,3,0",
                            "content": {
                                "type": "layout",
                                "key": "npc_grid"
                            }
                        },
                        {
                            "type": "group",
                            "header": "Eternia Items",
                            "dock": "top",
                            "margin": "0,0,3,0",
                            "content": {
                                "type": "layout",
                                "key": "eternia_grid"
                            }
                        },
                        {
                            "type": "group",
                            "header": "Other items",
                            "dock": "top",
                            "margin": "0,0,3,0",
                            "content": {
                                "type": "layout",
                                "key": "other_grid"
                            }
                        },
						{
                            "type": "group",
                            "header": "Landmarks",
                            "dock": "top",
                            "margin": "0,0,3,0",
                            "content": {
                                "type": "layout",
                                "key": "landmarks_grid"
                            }
                        },
                    ]
                },
                {
                    "type": "tabbed",
                    "tabs": [
                        {
                            "title": "Island of Seiren",
                            "content": {
                                "type": "map",
                                "maps": [
                                    "Seiren"
                                ]
                            }
                        },
                        {
                            "title": "Calm Inlet",
                            "content": {
                                "type": "map",
                                "maps": [
                                    "Calm_Inlet"
                                ]
                            }
                        },
                        {
                            "title": "Waterdrop Cave",
                            "content": {
                                "type": "map",
                                "maps": [
                                    "Waterdrop_Cave"
                                ]
                            }
                        },
                        {
                            "title": "Nameless Coast",
                            "content": {
                                "type": "map",
                                "maps": [
                                    "Nameless_Coast"
                                ]
                            }
                        },
                        {
                            "title": "White Sand Coast",
                            "content": {
                                "type": "map",
                                "maps": [
                                    "White_Sand_Coast"
                                ]
                            }
                        },
                        {
                            "title": "Towering Coral Forest",
                            "content": {
                                "type": "map",
                                "maps": [
                                    "Towering_Coral_Forest"
                                ]
                            }
                        },
                        {
                            "title": "TCF Night",
                            "content": {
                                "type": "map",
                                "maps": [
                                    "Towering_Coral_Forest_Night"
                                ]
                            }
                        },
                        {
                            "title": "Roaring Seashore",
                            "content": {
                                "type": "map",
                                "maps": [
                                    "Roaring_Seashore"
                                ]
                            }
                        },
                        {
                            "title": "Great River Valley",
                            "content": {
                                "type": "map",
                                "maps": [
                                    "Great_River_Valley"
                                ]
                            }
                        },
						{
                            "title": "Waterfall Grotto",
                            "content": {
                                "type": "map",
                                "maps": [
                                    "Waterfall_Grotto"
                                ]
                            }
                        },
                        {
                            "title": "Beast Hills",
                            "content": {
                                "type": "map",
                                "maps": [
                                    "Beast_Hills"
                                ]
                            }
                        },
                        {
                            "title": "Eroded Valley",
                            "content": {
                                "type": "map",
                                "maps": [
                                    "Eroded_Valley"
                                ]
                            }
                        },
                        {
                            "title": "Weathervane Hills",
                            "content": {
                                "type": "map",
                                "maps": [
                                    "Weathervane_Hills"
                                ]
                            }
                        },

                        {
                            "title": "Headwater Falls",
                            "content": {
                                "type": "map",
                                "maps": [
                                    "Headwater_Falls"
                                ]
                            }
                        },
                        {
                            "title": "Longhorn Coast",
                            "content": {
                                "type": "map",
                                "maps": [
                                    "Longhorn_Coast"
                                ]
                            }
                        },
                        {
                            "title": "Water and Wood Hills",
                            "content": {
                                "type": "map",
                                "maps": [
                                    "Water_and_Wood_Hills"
                                ]
                            }
                        },

                        {
                            "title": "Schlamm Jungle",
                            "content": {
                                "type": "map",
                                "maps": [
                                    "Schlamm_Jungle"
                                ]
                            }
                        },

                        {
                            "title": "Primordial Passage",
                            "content": {
                                "type": "map",
                                "maps": [
                                    "Primordial_Passage"
                                ]
                            }
                        },

                        {
                            "title": "Mt Gendarme",
                            "content": {
                                "type": "map",
                                "maps": [
                                    "Mt_Gendarme"
                                ]
                            }
                        },

                        {
                            "title": "Mt Gendarme Night",
                            "content": {
                                "type": "map",
                                "maps": [
                                    "Mt_Gendarme_Night"
                                ]
                            }
                        },

                        {
                            "title": "W Foot of Gendarme",
                            "content": {
                                "type": "map",
                                "maps": [
                                    "W_Foot_of_Gendarme"
                                ]
                            }
                        },

                        {
                            "title": "Mountain Pinnacle Trail",
                            "content": {
                                "type": "map",
                                "maps": [
                                    "Mountain_Pinnacle_Trail"
                                ]
                            }
                        },

                        {
                            "title": "Titis Primeval Forest",
                            "content": {
                                "type": "map",
                                "maps": [
                                    "Titis_Primeval_Forest"
                                ]
                            }
                        },

                        {
                            "title": "Pangaia Plains",
                            "content": {
                                "type": "map",
                                "maps": [
                                    "Pangaia_Plains"
                                ]
                            }
                        },

                        {
                            "title": "Pangaia Plains Night",
                            "content": {
                                "type": "map",
                                "maps": [
                                    "Pangaia_Plains_Night"
                                ]
                            }
                        },

                        {
                            "title": "Ruins of Eternia",
                            "content": {
                                "type": "map",
                                "maps": [
                                    "Ruins_of_Eternia"
                                ]
                            }
                        },

                        {
                            "title": "Towal Highway",
                            "content": {
                                "type": "map",
                                "maps": [
                                    "Towal_Highway"
                                ]
                            }
                        },

                        {
                            "title": "Baja Tower",
                            "content": {
                                "type": "map",
                                "maps": [
                                    "Baja_Tower"
                                ]
                            }
                        },

                        {
                            "title": "Stone Pillar Wind Cave",
                            "content": {
                                "type": "map",
                                "maps": [
                                    "Stone_Pillar_Wind_Cave"
                                ]
                            }
                        },

                        {
                            "title": "Nostalgia Cape",
                            "content": {
                                "type": "map",
                                "maps": [
                                    "Nostalgia_Cape"
                                ]
                            }
                        },

                        {
                            "title": "East Coast Cave",
                            "content": {
                                "type": "map",
                                "maps": [
                                    "East_Coast_Cave"
                                ]
                            }
                        },

                        {
                            "title": "Pirate Ship Eleftheria",
                            "content": {
                                "type": "map",
                                "maps": [
                                    "Pirate_Ship_Eleftheria"
                                ]
                            }
                        },

                        {
                            "title": "Bolado Monastery",
                            "content": {
                                "type": "map",
                                "maps": [
                                    "Bolado_Monastery"
                                ]
                            }
                        },

                        {
                            "title": "Archeozoic Chasm",
                            "content": {
                                "type": "map",
                                "maps": [
                                    "Archeozoic_Chasm"
                                ]
                            }
                        },

                        {
                            "title": "Underground Water Vein",
                            "content": {
                                "type": "map",
                                "maps": [
                                    "Underground_Water_Vein"
                                ]
                            }
                        },

                        {
                            "title": "Vista Ridge",
                            "content": {
                                "type": "map",
                                "maps": [
                                    "Vista_Ridge"
                                ]
                            }
                        },

                        {
                            "title": "Lodinia Marshland",
                            "content": {
                                "type": "map",
                                "maps": [
                                    "Lodinia_Marshland"
                                ]
                            }
                        },

                        {
                            "title": "Submerged Cemetery",
                            "content": {
                                "type": "map",
                                "maps": [
                                    "Submerged_Cemetery"
                                ]
                            }
                        },

                        {
                            "title": "Valley of Kings",
                            "content": {
                                "type": "map",
                                "maps": [
                                    "Valley_of_Kings"
                                ]
                            }
                        },

                        {
                            "title": "Solitude Island",
                            "content": {
                                "type": "map",
                                "maps": [
                                    "Solitude_Island"
                                ]
                            }
                        },

                        {
                            "title": "Eternal Hill",
                            "content": {
                                "type": "map",
                                "maps": [
                                    "Eternal_Hill"
                                ]
                            }
                        },

                        {
                            "title": "Silent Tower",
                            "content": {
                                "type": "map",
                                "maps": [
                                    "Silent_Tower"
                                ]
                            }
                        },
						
						{
                            "title": "Ancient Sanctuary Crypt",
                            "content": {
                                "type": "map",
                                "maps": [
                                    "Ancient_Sanctuary_Crypt"
                                ]
                            }
                        }

                    ]
                }
            ]
        }
    }
}