[
  {
    "name": "Grip Gloves",
    "type": "toggle",
    "allow_disabled": false,
    "img": "images/items/GripGloves.png",
    "disabled_img": "images/items/GripGlovesBW.png",
    "codes": "Grip_Gloves"
  },
  {
    "name": "Glow Stone",
    "type": "toggle",
    "allow_disabled": false,
    "img": "images/items/GlowStone.png",
    "disabled_img": "images/items/GlowStoneBW.png",
    "codes": "Glow_Stone"
  },
  {
    "name": "Floating Shoes",
    "type": "toggle",
    "img": "images/items/FloatingShoes.png",
    "disabled_img": "images/items/FloatingShoesBW.png",
    "codes": "Floating_Shoes"
  },
  {
    "name": "Hermit's Scale",
    "type": "toggle",
    "img": "images/items/HermitsScale.png",
    "disabled_img": "images/items/HermitsScaleBW.png",
    "codes": "Hermits_Scale"
  },
  {
    "name": "Archaeopteryx Wing",
    "type": "toggle",
    "img": "images/items/ArchaeopteryxWing.png",
    "disabled_img": "images/items/ArchaeopteryxWingBW.png",
    "codes": "Archaeopteryx_Wing"
  },
  {
    "name": "Purifying Bell",
    "type": "toggle",
    "img": "images/items/PurifyingBell.png",
    "disabled_img": "images/items/PurifyingBellBW.png",
    "codes": "Purifying_Bell"
  },
  {
    "name": "Adol",
    "type": "toggle",
    "img": "images/items/Adol.png",
    "codes": "Adol"
  },
  {
    "name": "Laxia",
    "type": "toggle",
    "img": "images/items/Laxia.png",
    "codes": "Laxia"
  },
  {
    "name": "Sahad",
    "type": "toggle",
    "img": "images/items/Sahad.png",
    "codes": "Sahad"
  },
  {
    "name": "Hummel",
    "type": "toggle",
    "img": "images/items/Hummel.png",
    "codes": "Hummel"
  },
  {
    "name": "Ricotta",
    "type": "toggle",
    "img": "images/items/Ricotta.png",
    "codes": "Ricotta"
  },
  {
    "name": "Dana",
    "type": "toggle",
    "img": "images/items/Dana.png",
    "codes": "Dana"
  },
  {
    "name": "Dina",
    "type": "toggle",
    "img": "images/items/Dina.png",
    "codes": "Dina"
  },
  {
    "name": "Euron",
    "type": "toggle",
    "img": "images/items/Euron.png",
    "codes": "Euron"
  },
  {
    "name": "Austin",
    "type": "toggle",
    "img": "images/items/Austin.png",
    "codes": "Austin"
  },
  {
    "name": "Silvia",
    "type": "toggle",
    "img": "images/items/Silvia.png",
    "codes": "Silvia"
  },
  {
    "name": "Castaways",
    "type": "consumable",
    "img": "images/items/Castaways.png",
    "codes": "Castaways",
	"initial_quantity": 1,
    "overlay_background": "#000000",
    "max_quantity": 26
  },
  {
    "name": "Maiden Journal",
    "type": "toggle",
    "img": "images/items/MaidenJournal.png",
    "disabled_img": "images/items/MaidenJournalBW.png",
    "codes": "maiden_journal"
  },
  {
    "name": "Blue Seal of Whirling Water",
    "type": "toggle",
    "img": "images/items/BlueSealOfWhirlingWater.png",
    "disabled_img": "images/items/BlueSealOfWhirlingWaterBW.png",
    "codes": "blue_seal"
  },
  {
    "name": "Green Seal of Roaring Stone",
    "type": "toggle",
    "img": "images/items/GreenSealOfRoaringStone.png",
    "disabled_img": "images/items/GreenSealOfRoaringStoneBW.png",
    "codes": "green_seal"
  },
  {
    "name": "Golden Seal of Piercing Light",
    "type": "toggle",
    "img": "images/items/GoldenSealOfPiercingLight.png",
    "disabled_img": "images/items/GoldenSealOfPiercingLightBW.png",
    "codes": "golden_seal"
  },
  {
    "name": "Frosted Flower",
    "type": "toggle",
    "img": "images/items/FrostedFlower.png",
    "disabled_img": "images/items/FrostedFlowerBW.png",
    "codes": "frosted_flower"
  },
  {
    "name": "Maiden Amulet",
    "type": "toggle",
    "img": "images/items/MaidenAmulet.png",
    "codes": "maiden_amulet"
  },
  {
    "name": "Jade Pendant",
    "type": "toggle",
    "img": "images/items/JadePendant.png",
    "codes": "jade_pendant"
  },  
  {
    "name": "Treasure Chest Key",
    "type": "toggle",
    "img": "images/items/TreasureChestKey.png",
    "disabled_img": "images/items/TreasureChestKeyBW.png",
    "codes": "treasure_chest_key"
  },
  {
    "name": "Seiren Map",
    "type": "toggle",
    "img": "images/items/SeirenMap.png",
    "codes": "seiren_map"
  },
  
  {
    "name": "Ship Blueprints",
    "type": "toggle",
    "img": "images/items/ShipBlueprints.png",
    "disabled_img": "images/items/ShipBlueprintsBW.png",
    "codes": "ship_blueprints"
  },
  {
    "name": "Mistilteinn",
    "type": "toggle",
    "img": "images/items/Mistilteinn.png",
    "disabled_img": "images/items/MistilteinnBW.png",
    "codes": "mistilteinn"
  },
  {
    "name": "Psyches",
    "type": "consumable",
    "img": "images/items/Psyches.png",
    "codes": "psyches",
    "overlay_background": "#000000",
    "max_quantity": 4
  },
  {
    "name": "Fishing Rod",
    "type": "toggle",
    "img": "images/items/FishingRod.png",
    "disabled_img": "images/items/FishingRodBW.png",
    "codes": "fishing_rod"
  },
  {
    "name": "Recipe books",
    "type": "consumable",
    "img": "images/items/Recipes.png",
    "codes": "recipes",
    "overlay_background": "#000000",
    "max_quantity": 5
  },
  {
    "name": "Ship Log N°1",
    "type": "toggle",
    "img": "images/items/ShipLog.png",
    "codes": "ship_log",
  },
  {
    "name": "T's Notes",
    "type": "consumable",
    "img": "images/items/TsNotes.png",
    "codes": "Tnotes",
    "overlay_background": "#000000",
    "max_quantity": 4
  },
  
  
 
  
 

]