[
  {
    "name": "Ancient Sanctuary Crypt F1",
    "access_rules": ["@Ruins of Eternia, jade_pendant, Archaeopteryx_Wing"],
	"visibility_rules": ["FSC Access"],
    "chest_unopened_img": "images/items/chest_closed.png",
    "chest_opened_img": "images/items/chest_opened.png",
    "item_count": 1,
    "map_locations": [
      {
        "map": "Seiren",
        "x": 24,
        "y": 22,
        "size": 30
      }
    ],
    "sections": [
      {
        "name": "ASC F1 chest 1",
		"chest_unopened_img": "images/items/chest_closed.png",
		"chest_opened_img": "images/items/chest_opened.png",
      },
	  {
        "name": "ASC F1 chest 2",
		"chest_unopened_img": "images/items/chest_closed.png",
		"chest_opened_img": "images/items/chest_opened.png",
      },
	  {
        "name": "ASC F1 chest 3",
		"chest_unopened_img": "images/items/chest_closed.png",
		"chest_opened_img": "images/items/chest_opened.png",
      },
	  {
        "name": "ASC F1 chest 4",
		"chest_unopened_img": "images/items/chest_closed.png",
		"chest_opened_img": "images/items/chest_opened.png",
      },
	  {
        "name": "ASC F1 chest 7",
		"chest_unopened_img": "images/items/chest_closed.png",
		"chest_opened_img": "images/items/chest_opened.png",
      },
	  {
        "name": "ASC F1 chest 5",
		"chest_unopened_img": "images/items/chest_closed.png",
		"chest_opened_img": "images/items/chest_opened.png",
      },
	  {
        "name": "ASC F1 chest 6",
		"chest_unopened_img": "images/items/chest_closed.png",
		"chest_opened_img": "images/items/chest_opened.png",
      },
	  {
        "name": "ASC F1 chest 8",
		"chest_unopened_img": "images/items/chest_closed.png",
		"chest_opened_img": "images/items/chest_opened.png",
      },

 
    ]
  },
  
  {
    "name": "Ancient Sanctuary Crypt F2",
    "access_rules": ["@Ancient Sanctuary Crypt F1"],
	"visibility_rules": ["FSC Access"],
    "chest_unopened_img": "images/items/chest_closed.png",
    "chest_opened_img": "images/items/chest_opened.png",
    "item_count": 1,
    "map_locations": [
      {
        "map": "Seiren",
        "x": 63,
        "y": 22,
        "size": 30
      }
    ],
    "sections": [
      {
        "name": "ASC F2 chest 1",
		"chest_unopened_img": "images/items/chest_closed.png",
		"chest_opened_img": "images/items/chest_opened.png",
      },
	  {
        "name": "ASC F2 chest 2",
		"chest_unopened_img": "images/items/chest_closed.png",
		"chest_opened_img": "images/items/chest_opened.png",
      },
	  {
        "name": "ASC F2 chest 3",
		"chest_unopened_img": "images/items/chest_closed.png",
		"chest_opened_img": "images/items/chest_opened.png",
      },
	  {
        "name": "ASC F2 chest 4",
		"chest_unopened_img": "images/items/chest_closed.png",
		"chest_opened_img": "images/items/chest_opened.png",
      },
	  {
        "name": "ASC F2 chest 5",
		"chest_unopened_img": "images/items/chest_closed.png",
		"chest_opened_img": "images/items/chest_opened.png",
      },
	  {
        "name": "ASC F2 chest 6",
		"access_rules": ["Purifying_Bell"],
		"chest_unopened_img": "images/items/chest_closed.png",
		"chest_opened_img": "images/items/chest_opened.png",
      },
 
    ]
  },
  {
    "name": "Ancient Sanctuary Crypt F3",
    "access_rules": ["@Ancient Sanctuary Crypt F2, Purifying_Bell"],
	"visibility_rules": ["FSC Access"],
    "chest_unopened_img": "images/items/chest_closed.png",
    "chest_opened_img": "images/items/chest_opened.png",
    "item_count": 1,
    "map_locations": [
      {
        "map": "Seiren",
        "x": 102,
        "y": 22,
        "size": 30
      }
    ],
    "sections": [
      {
        "name": "ASC F3 upper chest 1",
		"chest_unopened_img": "images/items/chest_closed.png",
		"chest_opened_img": "images/items/chest_opened.png",
      },
	  {
        "name": "ASC F3 upper chest 2",
		"access_rules": ["Dina, Floating_Shoes"],
		"chest_unopened_img": "images/items/chest_closed.png",
		"chest_opened_img": "images/items/chest_opened.png",
      },
	  {
        "name": "ASC F3 upper chest 3",
		"access_rules": ["Dina, Floating_Shoes"],
		"chest_unopened_img": "images/items/chest_closed.png",
		"chest_opened_img": "images/items/chest_opened.png",
      },
	  {
        "name": "ASC F3 upper chest 4",
		"access_rules": ["Dina, Floating_Shoes"],
		"chest_unopened_img": "images/items/chest_closed.png",
		"chest_opened_img": "images/items/chest_opened.png",
      },
	  {
        "name": "ASC F3 upper chest 5",
		"access_rules": ["Dina, Floating_Shoes"],
		"chest_unopened_img": "images/items/chest_closed.png",
		"chest_opened_img": "images/items/chest_opened.png",
      },
	  {
        "name": "ASC F3 upper chest 6",
		"access_rules": ["Dina, Floating_Shoes"],
		"chest_unopened_img": "images/items/chest_closed.png",
		"chest_opened_img": "images/items/chest_opened.png",
      },
	  {
        "name": "ASC F3 upper chest 7",
		"access_rules": ["Dina, Floating_Shoes"],
		"chest_unopened_img": "images/items/chest_closed.png",
		"chest_opened_img": "images/items/chest_opened.png",
      },
	  {
        "name": "ASC F3 upper chest 8",
		"access_rules": ["Dina, Floating_Shoes"],
		"chest_unopened_img": "images/items/chest_closed.png",
		"chest_opened_img": "images/items/chest_opened.png",
      },
	  {
        "name": "ASC F3 lower chest 1",
		"access_rules": ["Dina, Floating_Shoes"],
		"chest_unopened_img": "images/items/chest_closed.png",
		"chest_opened_img": "images/items/chest_opened.png",
      },
	  {
        "name": "ASC F3 lower chest 2",
		"access_rules": ["Dina, Floating_Shoes"],
		"chest_unopened_img": "images/items/chest_closed.png",
		"chest_opened_img": "images/items/chest_opened.png",
      },
	  {
        "name": "ASC F3 lower chest 3",
		"access_rules": ["Dina, Floating_Shoes"],
		"chest_unopened_img": "images/items/chest_closed.png",
		"chest_opened_img": "images/items/chest_opened.png",
      },
	  
 
    ]
  },
  
  {
    "name": "Ancient Sanctuary Crypt F4",
    "access_rules": ["@Ancient Sanctuary Crypt F3, Dina, Floating_Shoes"],
	"visibility_rules": ["FSC Access"],
    "chest_unopened_img": "images/items/chest_closed.png",
    "chest_opened_img": "images/items/chest_opened.png",
    "item_count": 1,
    "map_locations": [
      {
        "map": "Seiren",
        "x": 141,
        "y": 22,
        "size": 30
      }
    ],
    "sections": [
      {
        "name": "ASC F4 chest 1",
		"chest_unopened_img": "images/items/chest_closed.png",
		"chest_opened_img": "images/items/chest_opened.png",
      },
	  {
        "name": "ASC F4 chest 2",
		"chest_unopened_img": "images/items/chest_closed.png",
		"chest_opened_img": "images/items/chest_opened.png",
      },
	  {
        "name": "ASC F4 chest 3",
		"chest_unopened_img": "images/items/chest_closed.png",
		"chest_opened_img": "images/items/chest_opened.png",
      },
	  {
        "name": "ASC F4 chest 4",
		"access_rules": ["Hermits_Scale"],
		"chest_unopened_img": "images/items/chest_closed.png",
		"chest_opened_img": "images/items/chest_opened.png",
      },
	  {
        "name": "ASC F4 chest 5",
		"access_rules": ["Hermits_Scale"],
		"chest_unopened_img": "images/items/chest_closed.png",
		"chest_opened_img": "images/items/chest_opened.png",
      },
	  {
        "name": "ASC F4 chest 6",
		"chest_unopened_img": "images/items/chest_closed.png",
		"chest_opened_img": "images/items/chest_opened.png",
      },
	  {
        "name": "ASC F4 chest 7",
		"access_rules": ["Hermits_Scale"],
		"chest_unopened_img": "images/items/chest_closed.png",
		"chest_opened_img": "images/items/chest_opened.png",
      },
	  {
        "name": "ASC F4 chest 8",
		"chest_unopened_img": "images/items/chest_closed.png",
		"chest_opened_img": "images/items/chest_opened.png",
      },
	  {
        "name": "ASC F4 chest 9",
		"chest_unopened_img": "images/items/chest_closed.png",
		"chest_opened_img": "images/items/chest_opened.png",
      },
	  
	  
 
    ]
  },
  
  {
    "name": "Ancient Sanctuary Crypt F5",
    "access_rules": ["@Ancient Sanctuary Crypt F4"],
	"visibility_rules": ["FSC Access"],
    "chest_unopened_img": "images/items/chest_closed.png",
    "chest_opened_img": "images/items/chest_opened.png",
    "item_count": 1,
    "map_locations": [
      {
        "map": "Seiren",
        "x": 180,
        "y": 22,
        "size": 30
      }
    ],
    "sections": [
      {
        "name": "ASC F5 chest 1",
		"chest_unopened_img": "images/items/chest_closed.png",
		"chest_opened_img": "images/items/chest_opened.png",
      },
	  {
        "name": "ASC F5 chest 2",
		"chest_unopened_img": "images/items/chest_closed.png",
		"chest_opened_img": "images/items/chest_opened.png",
      },
	  {
        "name": "ASC F5 chest 3",
		"chest_unopened_img": "images/items/chest_closed.png",
		"chest_opened_img": "images/items/chest_opened.png",
      },
	  {
        "name": "ASC F5 chest 4",
		"chest_unopened_img": "images/items/chest_closed.png",
		"chest_opened_img": "images/items/chest_opened.png",
      },
	  {
        "name": "ASC F5 chest 5",
		"chest_unopened_img": "images/items/chest_closed.png",
		"chest_opened_img": "images/items/chest_opened.png",
      },
	  {
        "name": "ASC F5 chest 6",
		"chest_unopened_img": "images/items/chest_closed.png",
		"chest_opened_img": "images/items/chest_opened.png",
      },
	  {
        "name": "ASC F5 chest 7",
		"chest_unopened_img": "images/items/chest_closed.png",
		"chest_opened_img": "images/items/chest_opened.png",
      },
	  {
        "name": "ASC F5 chest 8",
		"chest_unopened_img": "images/items/chest_closed.png",
		"chest_opened_img": "images/items/chest_opened.png",
      },
	  {
        "name": "ASC F5 chest 9",
		"chest_unopened_img": "images/items/chest_closed.png",
		"chest_opened_img": "images/items/chest_opened.png",
      },
	  {
        "name": "ASC F5 chest 10",
		"chest_unopened_img": "images/items/chest_closed.png",
		"chest_opened_img": "images/items/chest_opened.png",
      },
	  {
        "name": "ASC F5 chest 11",
		"chest_unopened_img": "images/items/chest_closed.png",
		"chest_opened_img": "images/items/chest_opened.png",
      },
	  
	  
	  
 
    ]
  },
  
  {
    "name": "Ancient Sanctuary Crypt Final Layer",
    "access_rules": ["@Ancient Sanctuary Crypt F5"],
	"visibility_rules": ["FSC Access"],
    "chest_unopened_img": "images/items/chest_closed.png",
    "chest_opened_img": "images/items/chest_opened.png",
    "item_count": 1,
    "map_locations": [
      {
        "map": "Seiren",
        "x": 219,
        "y": 22,
        "size": 30
      }
    ],
    "sections": [
      {
        "name": "ASC final layer chest 1",
		"chest_unopened_img": "images/items/chest_closed.png",
		"chest_opened_img": "images/items/chest_opened.png",
      },
	  {
        "name": "ASC final layer chest 2",
		"chest_unopened_img": "images/items/chest_closed.png",
		"chest_opened_img": "images/items/chest_opened.png",
      },
	  {
        "name": "ASC final layer chest 3",
		"chest_unopened_img": "images/items/chest_closed.png",
		"chest_opened_img": "images/items/chest_opened.png",
      },
	  {
        "name": "ASC final layer chest 4",
		"chest_unopened_img": "images/items/chest_closed.png",
		"chest_opened_img": "images/items/chest_opened.png",
      },
	  {
        "name": "Melaiduma Boss Fight",
		"chest_unopened_img": "images/items/chest_closed.png",
		"chest_opened_img": "images/items/chest_opened.png",
      },
	  {
        "name": "Ancient Sanctuary Crypt final chest",
		"chest_unopened_img": "images/items/chest_closed.png",
		"chest_opened_img": "images/items/chest_opened.png",
      },
	  
	  
	  
 
    ]
  },
  
  
  //Ancient Sanctuary Crypt Map Items
  {
    "item_count": 1,
    "children": [
      {
        "sections": [
          {
            "ref": "Ancient Sanctuary Crypt F1/ASC F1 chest 1",
            "name": "F1 Chest 1"
          }
        ],
        "map_locations": [
          {
            "map": "Ancient_Sanctuary_Crypt",
            "x": 376,
            "y": 598,
			"size": 27
          }
        ]
      },
	  {
        "sections": [
          {
            "ref": "Ancient Sanctuary Crypt F1/ASC F1 chest 2",
            "name": "F1 Chest 2"
          }
        ],
        "map_locations": [
          {
            "map": "Ancient_Sanctuary_Crypt",
            "x": 370,
            "y": 441,
			"size": 27
          }
        ]
      },
	  {
        "sections": [
          {
            "ref": "Ancient Sanctuary Crypt F1/ASC F1 chest 3",
            "name": "F1 Chest 3"
          }
        ],
        "map_locations": [
          {
            "map": "Ancient_Sanctuary_Crypt",
            "x": 238,
            "y": 373,
			"size": 27
          }
        ]
      },
	  {
        "sections": [
          {
            "ref": "Ancient Sanctuary Crypt F1/ASC F1 chest 4",
            "name": "F1 Chest 4"
          }
        ],
        "map_locations": [
          {
            "map": "Ancient_Sanctuary_Crypt",
            "x": 90,
            "y": 252,
			"size": 27
          }
        ]
      },
	  {
        "sections": [
          {
            "ref": "Ancient Sanctuary Crypt F1/ASC F1 chest 5",
            "name": "F1 Chest 5"
          }
        ],
        "map_locations": [
          {
            "map": "Ancient_Sanctuary_Crypt",
            "x": 795,
            "y": 226,
			"size": 27
          }
        ]
      },
	  {
        "sections": [
          {
            "ref": "Ancient Sanctuary Crypt F1/ASC F1 chest 6",
            "name": "F1 Chest 6"
          }
        ],
        "map_locations": [
          {
            "map": "Ancient_Sanctuary_Crypt",
            "x": 898,
            "y": 366,
			"size": 27
          }
        ]
      },
	  {
        "sections": [
          {
            "ref": "Ancient Sanctuary Crypt F1/ASC F1 chest 7",
            "name": "F1 Chest 7"
          }
        ],
        "map_locations": [
          {
            "map": "Ancient_Sanctuary_Crypt",
            "x": 198,
            "y": 295,
			"size": 27
          }
        ]
      },
	  {
        "sections": [
          {
            "ref": "Ancient Sanctuary Crypt F1/ASC F1 chest 8",
            "name": "F1 Chest 8"
          }
        ],
        "map_locations": [
          {
            "map": "Ancient_Sanctuary_Crypt",
            "x": 418,
            "y": 52,
			"size": 27
          }
        ]
      },
	  {
        "sections": [
          {
            "ref": "Ancient Sanctuary Crypt F2/ASC F2 chest 1",
            "name": "F2 Chest 1"
          }
        ],
        "map_locations": [
          {
            "map": "Ancient_Sanctuary_Crypt",
            "x": 1089,
            "y": 712,
			"size": 27
          }
        ]
      },
	  {
        "sections": [
          {
            "ref": "Ancient Sanctuary Crypt F2/ASC F2 chest 2",
            "name": "F2 Chest 2"
          }
        ],
        "map_locations": [
          {
            "map": "Ancient_Sanctuary_Crypt",
            "x": 1299,
            "y": 712,
			"size": 27
          }
        ]
      },
	  {
        "sections": [
          {
            "ref": "Ancient Sanctuary Crypt F2/ASC F2 chest 3",
            "name": "F2 Chest 3"
          }
        ],
        "map_locations": [
          {
            "map": "Ancient_Sanctuary_Crypt",
            "x": 1251,
            "y": 526,
			"size": 27
          }
        ]
      },
	  {
        "sections": [
          {
            "ref": "Ancient Sanctuary Crypt F2/ASC F2 chest 4",
            "name": "F2 Chest 4"
          }
        ],
        "map_locations": [
          {
            "map": "Ancient_Sanctuary_Crypt",
            "x": 1294,
            "y": 340,
			"size": 27
          }
        ]
      },
	  {
        "sections": [
          {
            "ref": "Ancient Sanctuary Crypt F2/ASC F2 chest 5",
            "name": "F2 Chest 5"
          }
        ],
        "map_locations": [
          {
            "map": "Ancient_Sanctuary_Crypt",
            "x": 1011,
            "y": 180,
			"size": 27
          }
        ]
      },
	  {
        "sections": [
          {
            "ref": "Ancient Sanctuary Crypt F2/ASC F2 chest 6",
            "name": "F2 Chest 6"
          }
        ],
        "map_locations": [
          {
            "map": "Ancient_Sanctuary_Crypt",
            "x": 1111,
            "y": 57,
			"size": 27
          }
        ]
      },
	  {
        "sections": [
          {
            "ref": "Ancient Sanctuary Crypt F3/ASC F3 upper chest 1",
            "name": "F3 Upper Chest 1"
          }
        ],
        "map_locations": [
          {
            "map": "Ancient_Sanctuary_Crypt",
            "x": 2359,
            "y": 786,
			"size": 27
          }
        ]
      },
	  {
        "sections": [
          {
            "ref": "Ancient Sanctuary Crypt F3/ASC F3 upper chest 2",
            "name": "F3 Upper Chest 2"
          }
        ],
        "map_locations": [
          {
            "map": "Ancient_Sanctuary_Crypt",
            "x": 2119,
            "y": 448,
			"size": 27
          }
        ]
      },
	  {
        "sections": [
          {
            "ref": "Ancient Sanctuary Crypt F3/ASC F3 upper chest 3",
            "name": "F3 Upper Chest 3"
          }
        ],
        "map_locations": [
          {
            "map": "Ancient_Sanctuary_Crypt",
            "x": 2493,
            "y": 318,
			"size": 27
          }
        ]
      },
	  {
        "sections": [
          {
            "ref": "Ancient Sanctuary Crypt F3/ASC F3 upper chest 4",
            "name": "F3 Upper Chest 4"
          }
        ],
        "map_locations": [
          {
            "map": "Ancient_Sanctuary_Crypt",
            "x": 2346,
            "y": 556,
			"size": 27
          }
        ]
      },
	  {
        "sections": [
          {
            "ref": "Ancient Sanctuary Crypt F3/ASC F3 upper chest 5",
            "name": "F3 Upper Chest 5"
          }
        ],
        "map_locations": [
          {
            "map": "Ancient_Sanctuary_Crypt",
            "x": 2020,
            "y": 538,
			"size": 27
          }
        ]
      },
	  {
        "sections": [
          {
            "ref": "Ancient Sanctuary Crypt F3/ASC F3 upper chest 6",
            "name": "F3 Upper Chest 6"
          }
        ],
        "map_locations": [
          {
            "map": "Ancient_Sanctuary_Crypt",
            "x": 1878,
            "y": 318,
			"size": 27
          }
        ]
      },
	  {
        "sections": [
          {
            "ref": "Ancient Sanctuary Crypt F3/ASC F3 upper chest 7",
            "name": "F3 Upper Chest 7"
          }
        ],
        "map_locations": [
          {
            "map": "Ancient_Sanctuary_Crypt",
            "x": 2059,
            "y": 133,
			"size": 27
          }
        ]
      },
	  {
        "sections": [
          {
            "ref": "Ancient Sanctuary Crypt F3/ASC F3 upper chest 8",
            "name": "F3 Upper Chest 8"
          }
        ],
        "map_locations": [
          {
            "map": "Ancient_Sanctuary_Crypt",
            "x": 2125,
            "y": 67,
			"size": 27
          }
        ]
      },
	  {
        "sections": [
          {
            "ref": "Ancient Sanctuary Crypt F3/ASC F3 lower chest 1",
            "name": "F3 Lower Chest 1"
          }
        ],
        "map_locations": [
          {
            "map": "Ancient_Sanctuary_Crypt",
            "x": 1685,
            "y": 326,
			"size": 27
          }
        ]
      },
	  {
        "sections": [
          {
            "ref": "Ancient Sanctuary Crypt F3/ASC F3 lower chest 2",
            "name": "F3 Lower Chest 2"
          }
        ],
        "map_locations": [
          {
            "map": "Ancient_Sanctuary_Crypt",
            "x": 1473,
            "y": 325,
			"size": 27
          }
        ]
      },
	  {
        "sections": [
          {
            "ref": "Ancient Sanctuary Crypt F3/ASC F3 lower chest 3",
            "name": "F3 Lower Chest 3"
          }
        ],
        "map_locations": [
          {
            "map": "Ancient_Sanctuary_Crypt",
            "x": 1564,
            "y": 40,
			"size": 27
          }
        ]
      },
	  {
        "sections": [
          {
            "ref": "Ancient Sanctuary Crypt F4/ASC F4 chest 1",
            "name": "F4 Chest 1"
          }
        ],
        "map_locations": [
          {
            "map": "Ancient_Sanctuary_Crypt",
            "x": 22,
            "y": 1674,
			"size": 27
          }
        ]
      },
	  {
        "sections": [
          {
            "ref": "Ancient Sanctuary Crypt F4/ASC F4 chest 2",
            "name": "F4 Chest 2"
          }
        ],
        "map_locations": [
          {
            "map": "Ancient_Sanctuary_Crypt",
            "x": 291,
            "y": 1674,
			"size": 27
          }
        ]
      },
	  {
        "sections": [
          {
            "ref": "Ancient Sanctuary Crypt F4/ASC F4 chest 3",
            "name": "F4 Chest 3"
          }
        ],
        "map_locations": [
          {
            "map": "Ancient_Sanctuary_Crypt",
            "x": 280,
            "y": 1573,
			"size": 27
          }
        ]
      },
	  {
        "sections": [
          {
            "ref": "Ancient Sanctuary Crypt F4/ASC F4 chest 4",
            "name": "F4 Chest 4"
          }
        ],
        "map_locations": [
          {
            "map": "Ancient_Sanctuary_Crypt",
            "x": 15,
            "y": 1534,
			"size": 27
          }
        ]
      },
	  {
        "sections": [
          {
            "ref": "Ancient Sanctuary Crypt F4/ASC F4 chest 5",
            "name": "F4 Chest 5"
          }
        ],
        "map_locations": [
          {
            "map": "Ancient_Sanctuary_Crypt",
            "x": 133,
            "y": 1302,
			"size": 27
          }
        ]
      },
	  {
        "sections": [
          {
            "ref": "Ancient Sanctuary Crypt F4/ASC F4 chest 6",
            "name": "F4 Chest 6"
          }
        ],
        "map_locations": [
          {
            "map": "Ancient_Sanctuary_Crypt",
            "x": 448,
            "y": 1317,
			"size": 27
          }
        ]
      },
	  {
        "sections": [
          {
            "ref": "Ancient Sanctuary Crypt F4/ASC F4 chest 7",
            "name": "F4 Chest 7"
          }
        ],
        "map_locations": [
          {
            "map": "Ancient_Sanctuary_Crypt",
            "x": 490,
            "y": 1317,
			"size": 27
          }
        ]
      },
	  {
        "sections": [
          {
            "ref": "Ancient Sanctuary Crypt F4/ASC F4 chest 8",
            "name": "F4 Chest 8"
          }
        ],
        "map_locations": [
          {
            "map": "Ancient_Sanctuary_Crypt",
            "x": 168,
            "y": 1149,
			"size": 27
          }
        ]
      },
	  {
        "sections": [
          {
            "ref": "Ancient Sanctuary Crypt F4/ASC F4 chest 9",
            "name": "F4 Chest 9"
          }
        ],
        "map_locations": [
          {
            "map": "Ancient_Sanctuary_Crypt",
            "x": 106,
            "y": 880,
			"size": 27
          }
        ]
      },
	  {
        "sections": [
          {
            "ref": "Ancient Sanctuary Crypt F4/ASC F4 chest 8",
            "name": "F4 Chest 8"
          }
        ],
        "map_locations": [
          {
            "map": "Ancient_Sanctuary_Crypt",
            "x": 168,
            "y": 1149,
			"size": 27
          }
        ]
      },
	  {
        "sections": [
          {
            "ref": "Ancient Sanctuary Crypt F5/ASC F5 chest 1",
            "name": "F5 Chest 1"
          }
        ],
        "map_locations": [
          {
            "map": "Ancient_Sanctuary_Crypt",
            "x": 937,
            "y": 1648,
			"size": 27
          }
        ]
      },
	  {
        "sections": [
          {
            "ref": "Ancient Sanctuary Crypt F5/ASC F5 chest 2",
            "name": "F5 Chest 2"
          }
        ],
        "map_locations": [
          {
            "map": "Ancient_Sanctuary_Crypt",
            "x": 1231,
            "y": 1531,
			"size": 27
          }
        ]
      },
	  {
        "sections": [
          {
            "ref": "Ancient Sanctuary Crypt F5/ASC F5 chest 3",
            "name": "F5 Chest 3"
          }
        ],
        "map_locations": [
          {
            "map": "Ancient_Sanctuary_Crypt",
            "x": 817,
            "y": 1446,
			"size": 27
          }
        ]
      },
	  {
        "sections": [
          {
            "ref": "Ancient Sanctuary Crypt F5/ASC F5 chest 4",
            "name": "F5 Chest 4"
          }
        ],
        "map_locations": [
          {
            "map": "Ancient_Sanctuary_Crypt",
            "x": 628,
            "y": 1452,
			"size": 27
          }
        ]
      },
	  {
        "sections": [
          {
            "ref": "Ancient Sanctuary Crypt F5/ASC F5 chest 5",
            "name": "F5 Chest 5"
          }
        ],
        "map_locations": [
          {
            "map": "Ancient_Sanctuary_Crypt",
            "x": 1104,
            "y": 1237,
			"size": 27
          }
        ]
      },
	  {
        "sections": [
          {
            "ref": "Ancient Sanctuary Crypt F5/ASC F5 chest 6",
            "name": "F5 Chest 6"
          }
        ],
        "map_locations": [
          {
            "map": "Ancient_Sanctuary_Crypt",
            "x": 1279,
            "y": 1231,
			"size": 27
          }
        ]
      },
	  {
        "sections": [
          {
            "ref": "Ancient Sanctuary Crypt F5/ASC F5 chest 7",
            "name": "F5 Chest 7"
          }
        ],
        "map_locations": [
          {
            "map": "Ancient_Sanctuary_Crypt",
            "x": 948,
            "y": 1024,
			"size": 27
          }
        ]
      },
	  {
        "sections": [
          {
            "ref": "Ancient Sanctuary Crypt F5/ASC F5 chest 8",
            "name": "F5 Chest 8"
          }
        ],
        "map_locations": [
          {
            "map": "Ancient_Sanctuary_Crypt",
            "x": 906,
            "y": 1080,
			"size": 27
          }
        ]
      },
	  {
        "sections": [
          {
            "ref": "Ancient Sanctuary Crypt F5/ASC F5 chest 9",
            "name": "F5 Chest 9"
          }
        ],
        "map_locations": [
          {
            "map": "Ancient_Sanctuary_Crypt",
            "x": 729,
            "y": 961,
			"size": 27
          }
        ]
      },
	  {
        "sections": [
          {
            "ref": "Ancient Sanctuary Crypt F5/ASC F5 chest 10",
            "name": "F5 Chest 10"
          }
        ],
        "map_locations": [
          {
            "map": "Ancient_Sanctuary_Crypt",
            "x": 904,
            "y": 976,
			"size": 27
          }
        ]
      },
	  {
        "sections": [
          {
            "ref": "Ancient Sanctuary Crypt F5/ASC F5 chest 11",
            "name": "F5 Chest 11"
          }
        ],
        "map_locations": [
          {
            "map": "Ancient_Sanctuary_Crypt",
            "x": 958,
            "y": 1155,
			"size": 27
          }
        ]
      },
	  {
        "sections": [
          {
            "ref": "Ancient Sanctuary Crypt Final Layer/ASC final layer chest 1",
            "name": "Final Layer Chest 1"
          },
		  {
            "ref": "Ancient Sanctuary Crypt Final Layer/ASC final layer chest 2",
            "name": "Final Layer Chest 2"
          },
		  {
            "ref": "Ancient Sanctuary Crypt Final Layer/ASC final layer chest 3",
            "name": "Final Layer Chest 3"
          }
        ],
        "map_locations": [
          {
            "map": "Ancient_Sanctuary_Crypt",
            "x": 1945,
            "y": 894,
			"size": 27
          }
        ]
      },
	  {
        "sections": [
          {
            "ref": "Ancient Sanctuary Crypt Final Layer/ASC final layer chest 4",
            "name": "Final Layer Chest 1"
          }
        ],
        "map_locations": [
          {
            "map": "Ancient_Sanctuary_Crypt",
            "x": 1959,
            "y": 1128,
			"size": 27
          }
        ]
      },
	  {
        "sections": [
          {
            "ref": "Ancient Sanctuary Crypt Final Layer/Melaiduma Boss Fight",
            "name": "Melaiduma Boss Fight"
          }
        ],
        "map_locations": [
          {
            "map": "Ancient_Sanctuary_Crypt",
            "x": 1996,
            "y": 1668,
			"size": 27
          }
        ]
      },
	  {
        "sections": [
          {
            "ref": "Ancient Sanctuary Crypt Final Layer/Ancient Sanctuary Crypt final chest",
            "name": "Final Chest"
          }
        ],
        "map_locations": [
          {
            "map": "Ancient_Sanctuary_Crypt",
            "x": 2002,
            "y": 1791,
			"size": 27
          }
        ]
      },
 
      
    ]
  },
  
 
]