[
  {
    "name": "East Coast Cave",
    "access_rules": ["@Nostalgia Cape"],
    "chest_unopened_img": "images/items/chest_closed.png",
    "chest_opened_img": "images/items/chest_opened.png",
    "item_count": 1,
    "map_locations": [
      {
        "map": "Seiren",
        "x": 747,
        "y": 942,
        "size": 30
      }
    ],
    "sections": [
      {
        "name": "East Coast Cave chest 1",
		"chest_unopened_img": "images/items/chest_closed.png",
		"chest_opened_img": "images/items/chest_opened.png",
      },
	  {
        "name": "Hidden Pirate's Storehouse",
		"visibility_rules": ["landmark_sanity"],
		"chest_unopened_img": "images/items/chest_closed.png",
		"chest_opened_img": "images/items/chest_opened.png",
      },
	  {
        "name": "East Coast Cave chest 2",
		"access_rules": ["Archaeopteryx_Wing"],
		"chest_unopened_img": "images/items/chest_closed.png",
		"chest_opened_img": "images/items/chest_opened.png",
      },
	  {
        "name": "East Coast Cave chest 3",
		"access_rules": ["Archaeopteryx_Wing"],
		"chest_unopened_img": "images/items/chest_closed.png",
		"chest_opened_img": "images/items/chest_opened.png",
      },

 
    ]
  },
  //East Coast Cave Map Items
  {
    "item_count": 1,
    "children": [
      {
        "sections": [
          {
            "ref": "East Coast Cave/East Coast Cave chest 1",
            "name": "Chest 1"
          },
		  {
            "ref": "East Coast Cave/Hidden Pirate's Storehouse",
            "name": "Hidden Pirate's Storehouse"
          }
        ],
        "map_locations": [
          {
            "map": "East_Coast_Cave",
            "x": 76,
            "y": 470,
			"size": 20
          }
        ]
      },
	  {
        "sections": [
          {
            "ref": "East Coast Cave/East Coast Cave chest 2",
            "name": "Chest 2"
          }
        ],
        "map_locations": [
          {
            "map": "East_Coast_Cave",
            "x": 285,
            "y": 38,
			"size": 20
          }
        ]
      },
	  {
        "sections": [
          {
            "ref": "East Coast Cave/East Coast Cave chest 3",
            "name": "Chest 3"
          }
        ],
        "map_locations": [
          {
            "map": "East_Coast_Cave",
            "x": 621,
            "y": 106,
			"size": 20
          }
        ]
      },
 
      
    ]
  },
  
 
]