[
  {
    "name": "Eroded Valley1",
    "access_rules": ["@Great River Valley"],
    "chest_unopened_img": "images/items/chest_closed.png",
    "chest_opened_img": "images/items/chest_opened.png",
    "item_count": 1,
    "map_locations": [
      {
        "map": "Seiren",
        "x": 582,
        "y": 584,
        "size": 30
      }
    ],
    "sections": [
      {
        "name": "Eroded Valley chest 17",
		"chest_unopened_img": "images/items/chest_closed.png",
		"chest_opened_img": "images/items/chest_opened.png",
      },
	  {
        "name": "Eroded Valley chest 1",
		"chest_unopened_img": "images/items/chest_closed.png",
		"chest_opened_img": "images/items/chest_opened.png",
      },
	  {
        "name": "Eroded Valley chest 2",
		"chest_unopened_img": "images/items/chest_closed.png",
		"chest_opened_img": "images/items/chest_opened.png",
      },
	  {
        "name": "Eroded Valley Pirate Corpse 1",
		"chest_unopened_img": "images/items/chest_closed.png",
		"chest_opened_img": "images/items/chest_opened.png",
      },
	  {
        "name": "Eroded Valley chest 3",
		"chest_unopened_img": "images/items/chest_closed.png",
		"chest_opened_img": "images/items/chest_opened.png",
      },
	  {
        "name": "Eroded Valley chest 4",
		"chest_unopened_img": "images/items/chest_closed.png",
		"chest_opened_img": "images/items/chest_opened.png",
      },
	  {
        "name": "Eroded Valley chest 5",
		"chest_unopened_img": "images/items/chest_closed.png",
		"chest_opened_img": "images/items/chest_opened.png",
      },
	  {
        "name": "Eroded Valley chest 6",
		"chest_unopened_img": "images/items/chest_closed.png",
		"chest_opened_img": "images/items/chest_opened.png",
      },
	  {
        "name": "Eroded Valley chest 7",
		"chest_unopened_img": "images/items/chest_closed.png",
		"chest_opened_img": "images/items/chest_opened.png",
      },
	  {
        "name": "Eroded Valley chest 8",
		"chest_unopened_img": "images/items/chest_closed.png",
		"chest_opened_img": "images/items/chest_opened.png",
      },
	  {
        "name": "Eroded Valley chest 9",
		"chest_unopened_img": "images/items/chest_closed.png",
		"chest_opened_img": "images/items/chest_opened.png",
      },
	  {
        "name": "Eroded Valley Pirate Corpse 2",
		"chest_unopened_img": "images/items/chest_closed.png",
		"chest_opened_img": "images/items/chest_opened.png",
      },
	  {
        "name": "Lombrigius Boss Fight",
		"chest_unopened_img": "images/items/chest_closed.png",
		"chest_opened_img": "images/items/chest_opened.png",
      },
	  {
        "name": "Eroded Valley chest 10",
		"chest_unopened_img": "images/items/chest_closed.png",
		"chest_opened_img": "images/items/chest_opened.png",
      },
	  {
        "name": "Indigo Mineral Vein Discovery",
		"visibility_rules": ["landmark_sanity"],
		"chest_unopened_img": "images/items/chest_closed.png",
		"chest_opened_img": "images/items/chest_opened.png",
      },

 
    ]
  },
  {
    "name": "Eroded Valley2",
    "access_rules": ["@Great River Valley"],
    "chest_unopened_img": "images/items/chest_closed.png",
    "chest_opened_img": "images/items/chest_opened.png",
    "item_count": 1,
    "map_locations": [
      {
        "map": "Seiren",
        "x": 615,
        "y": 538,
        "size": 30
      }
    ],
    "sections": [
      {
        "name": "Eroded Valley chest 11",
		"chest_unopened_img": "images/items/chest_closed.png",
		"chest_opened_img": "images/items/chest_opened.png",
      },
	  {
        "name": "Eroded Valley chest 12",
		"chest_unopened_img": "images/items/chest_closed.png",
		"chest_opened_img": "images/items/chest_opened.png",
      },
	  {
        "name": "Eroded Valley chest 13",
		"chest_unopened_img": "images/items/chest_closed.png",
		"chest_opened_img": "images/items/chest_opened.png",
      },
	  {
        "name": "Eroded Valley chest 14",
		"chest_unopened_img": "images/items/chest_closed.png",
		"chest_opened_img": "images/items/chest_opened.png",
      },
	  {
        "name": "Eroded Valley chest 15",
		"chest_unopened_img": "images/items/chest_closed.png",
		"chest_opened_img": "images/items/chest_opened.png",
      },
	  {
        "name": "Eroded Valley chest 16",
		"chest_unopened_img": "images/items/chest_closed.png",
		"chest_opened_img": "images/items/chest_opened.png",
      },
	  {
        "name": "Eroded Valley Pirate Corpse 3",
		"chest_unopened_img": "images/items/chest_closed.png",
		"chest_opened_img": "images/items/chest_opened.png",
      },
	  {
        "name": "Gargantula Boss Fight",
		"chest_unopened_img": "images/items/chest_closed.png",
		"chest_opened_img": "images/items/chest_opened.png",
      },

 
    ]
  },
  
  // Map Items
  {
    "item_count": 1,
    "children": [
      {
        "sections": [
          {
            "ref": "Eroded Valley1/Eroded Valley chest 17",
            "name": "Chest 17"
          }
        ],
        "map_locations": [
          {
            "map": "Eroded_Valley",
            "x": 87,
            "y": 801,
			"size": 20
          }
        ]
      },
	  {
        "sections": [
          {
            "ref": "Eroded Valley1/Eroded Valley chest 1",
            "name": "Chest 1"
          }
        ],
        "map_locations": [
          {
            "map": "Eroded_Valley",
            "x": 263,
            "y": 588,
			"size": 20
          }
        ]
      },
	  {
        "sections": [
          {
            "ref": "Eroded Valley1/Eroded Valley chest 2",
            "name": "Chest 2"
          }
        ],
        "map_locations": [
          {
            "map": "Eroded_Valley",
            "x": 372,
            "y": 515,
			"size": 20
          }
        ]
      },
	  {
        "sections": [
          {
            "ref": "Eroded Valley1/Eroded Valley Pirate Corpse 1",
            "name": "Pirate Corpse 1"
          }
        ],
        "map_locations": [
          {
            "map": "Eroded_Valley",
            "x": 276,
            "y": 482,
			"size": 20
          }
        ]
      },
	  {
        "sections": [
          {
            "ref": "Eroded Valley1/Eroded Valley chest 3",
            "name": "Chest 3"
          }
        ],
        "map_locations": [
          {
            "map": "Eroded_Valley",
            "x": 297,
            "y": 659,
			"size": 20
          }
        ]
      },
	  {
        "sections": [
          {
            "ref": "Eroded Valley1/Eroded Valley chest 4",
            "name": "Chest 4"
          }
        ],
        "map_locations": [
          {
            "map": "Eroded_Valley",
            "x": 209,
            "y": 681,
			"size": 20
          }
        ]
      },
	  {
        "sections": [
          {
            "ref": "Eroded Valley1/Eroded Valley chest 5",
            "name": "Chest 5"
          }
        ],
        "map_locations": [
          {
            "map": "Eroded_Valley",
            "x": 98,
            "y": 648,
			"size": 20
          }
        ]
      },
	  {
        "sections": [
          {
            "ref": "Eroded Valley1/Eroded Valley chest 6",
            "name": "Chest 6"
          }
        ],
        "map_locations": [
          {
            "map": "Eroded_Valley",
            "x": 299,
            "y": 579,
			"size": 20
          }
        ]
      },
	  {
        "sections": [
          {
            "ref": "Eroded Valley1/Eroded Valley chest 7",
            "name": "Chest 7"
          }
        ],
        "map_locations": [
          {
            "map": "Eroded_Valley",
            "x": 564,
            "y": 492,
			"size": 20
          }
        ]
      },
	  {
        "sections": [
          {
            "ref": "Eroded Valley1/Eroded Valley chest 8",
            "name": "Chest 8"
          }
        ],
        "map_locations": [
          {
            "map": "Eroded_Valley",
            "x": 519,
            "y": 617,
			"size": 20
          }
        ]
      },
	  {
        "sections": [
          {
            "ref": "Eroded Valley1/Eroded Valley chest 9",
            "name": "Chest 9"
          }
        ],
        "map_locations": [
          {
            "map": "Eroded_Valley",
            "x": 707,
            "y": 663,
			"size": 20
          }
        ]
      },
	  {
        "sections": [
          {
            "ref": "Eroded Valley1/Eroded Valley Pirate Corpse 2",
            "name": "Pirate Corpse 2"
          }
        ],
        "map_locations": [
          {
            "map": "Eroded_Valley",
            "x": 764,
            "y": 572,
			"size": 20
          }
        ]
      },
	  {
        "sections": [
		  {
            "ref": "Eroded Valley1/Lombrigius Boss Fight",
            "name": "Lombrigius Boss Fight"
          },
          {
            "ref": "Eroded Valley1/Eroded Valley chest 10",
            "name": "Chest 10"
          }
        ],
        "map_locations": [
          {
            "map": "Eroded_Valley",
            "x": 701,
            "y": 443,
			"size": 20
          }
        ]
      },
	  {
        "sections": [
          {
            "ref": "Eroded Valley2/Eroded Valley chest 11",
            "name": "Chest 11"
          }
        ],
        "map_locations": [
          {
            "map": "Eroded_Valley",
            "x": 408,
            "y": 465,
			"size": 20
          }
        ]
      },
	  {
        "sections": [
          {
            "ref": "Eroded Valley2/Eroded Valley chest 12",
            "name": "Chest 12"
          }
        ],
        "map_locations": [
          {
            "map": "Eroded_Valley",
            "x": 278,
            "y": 437,
			"size": 20
          }
        ]
      },
	  
	  {
        "sections": [
          {
            "ref": "Eroded Valley2/Eroded Valley chest 13",
            "name": "Chest 13"
          }
        ],
        "map_locations": [
          {
            "map": "Eroded_Valley",
            "x": 186,
            "y": 324,
			"size": 20
          }
        ]
      },
	  {
        "sections": [
          {
            "ref": "Eroded Valley2/Eroded Valley chest 14",
            "name": "Chest 14"
          }
        ],
        "map_locations": [
          {
            "map": "Eroded_Valley",
            "x": 323,
            "y": 180,
			"size": 20
          }
        ]
      },
	  {
        "sections": [
          {
            "ref": "Eroded Valley2/Eroded Valley chest 15",
            "name": "Chest 15"
          }
        ],
        "map_locations": [
          {
            "map": "Eroded_Valley",
            "x": 486,
            "y": 81,
			"size": 20
          }
        ]
      },
	  {
        "sections": [
          {
            "ref": "Eroded Valley2/Eroded Valley chest 16",
            "name": "Chest 16"
          }
        ],
        "map_locations": [
          {
            "map": "Eroded_Valley",
            "x": 434,
            "y": 66,
			"size": 20
          }
        ]
      },
	  {
        "sections": [
          {
            "ref": "Eroded Valley2/Eroded Valley Pirate Corpse 3",
            "name": "Pirate Corpse 3"
          }
        ],
        "map_locations": [
          {
            "map": "Eroded_Valley",
            "x": 461,
            "y": 39,
			"size": 20
          }
        ]
      },
	  {
        "sections": [
          {
            "ref": "Eroded Valley2/Gargantula Boss Fight",
            "name": "Gargantula Boss Fight"
          }
        ],
        "map_locations": [
          {
            "map": "Eroded_Valley",
            "x": 540,
            "y": 15,
			"size": 20
          }
        ]
      },
	  {
        "sections": [
          {
            "ref": "Eroded Valley1/Indigo Mineral Vein Discovery",
            "name": "Indigo Mineral Vein Discovery"
          }
        ],
        "map_locations": [
          {
            "map": "Eroded_Valley",
            "x": 304,
            "y": 789,
			"size": 20
          }
        ]
      },
	  
      
    ]
  },
  
 
]