[
  {
    "name": "Headwater Falls",
    "access_rules": ["@Weathervane Hills"],
    "chest_unopened_img": "images/items/chest_closed.png",
    "chest_opened_img": "images/items/chest_opened.png",
    "item_count": 1,
    "map_locations": [
      {
        "map": "Seiren",
        "x": 280,
        "y": 995,
        "size": 30
      }
    ],
    "sections": [
      {
        "name": "Headwater Falls chest 1",
		"access_rules": ["Grip_Gloves"],
		"chest_unopened_img": "images/items/chest_closed.png",
		"chest_opened_img": "images/items/chest_opened.png",
      },
	  {
        "name": "Headwater Falls chest 2",
		"access_rules": ["Dina"],
		"chest_unopened_img": "images/items/chest_closed.png",
		"chest_opened_img": "images/items/chest_opened.png",
      },
	  {
        "name": "Headwater Falls chest 3",
		"access_rules": ["Dina"],
		"chest_unopened_img": "images/items/chest_closed.png",
		"chest_opened_img": "images/items/chest_opened.png",
      },
	  {
        "name": "Headwater Falls chest 4",
		"access_rules": ["Dina"],
		"chest_unopened_img": "images/items/chest_closed.png",
		"chest_opened_img": "images/items/chest_opened.png",
      },
	  {
        "name": "Headwater Falls chest 5",
		"access_rules": ["Dina"],
		"chest_unopened_img": "images/items/chest_closed.png",
		"chest_opened_img": "images/items/chest_opened.png",
      },

 
    ]
  },
  //Headwater Falls Map Items
  {
    "item_count": 1,
    "children": [
      {
        "sections": [
          {
            "ref": "Headwater Falls/Headwater Falls chest 1",
            "name": "Chest 1"
          }
        ],
        "map_locations": [
          {
            "map": "Headwater_Falls",
            "x": 421,
            "y": 273,
			"size": 20
          }
        ]
      },
	  {
        "sections": [
          {
            "ref": "Headwater Falls/Headwater Falls chest 2",
            "name": "Chest 2"
          }
        ],
        "map_locations": [
          {
            "map": "Headwater_Falls",
            "x": 79,
            "y": 115,
			"size": 20
          }
        ]
      },
	  {
        "sections": [
          {
            "ref": "Headwater Falls/Headwater Falls chest 3",
            "name": "Chest 3"
          }
        ],
        "map_locations": [
          {
            "map": "Headwater_Falls",
            "x": 79,
            "y": 80,
			"size": 20
          }
        ]
      },
	  {
        "sections": [
          {
            "ref": "Headwater Falls/Headwater Falls chest 4",
            "name": "Chest 4"
          }
        ],
        "map_locations": [
          {
            "map": "Headwater_Falls",
            "x": 131,
            "y": 66,
			"size": 20
          }
        ]
      },
	  {
        "sections": [
          {
            "ref": "Headwater Falls/Headwater Falls chest 5",
            "name": "Chest 5"
          }
        ],
        "map_locations": [
          {
            "map": "Headwater_Falls",
            "x": 172,
            "y": 89,
			"size": 20
          }
        ]
      },
 
      
    ]
  },
  
 
]