[
  {
    "name": "Lodinia Marshland",
    "access_rules": ["@Temple of the Great Tree", "$access_lodinia_marsh_landmarks"],
    "chest_unopened_img": "images/items/chest_closed.png",
    "chest_opened_img": "images/items/chest_opened.png",
    "item_count": 1,
    "map_locations": [
      {
        "map": "Seiren",
        "x": 153,
        "y": 481,
        "size": 30
      }
    ],
    "sections": [
      {
        "name": "Lodinia Marshland chest 1",
		"access_rules": ["@Temple of the Great Tree", "landmark_sanity, soundless_hall, Hermits_Scale, $has|Castaways|22", "Floating_Shoes"],
		"chest_unopened_img": "images/items/chest_closed.png",
		"chest_opened_img": "images/items/chest_opened.png",
      },
	  {
        "name": "Lodinia Marshland chest 2",
		"access_rules": ["Floating_Shoes", "@Temple of the Great Tree, Archaeopteryx_Wing", "landmark_sanity, soundless_hall, Hermits_Scale, $has|Castaways|22"],
		"chest_unopened_img": "images/items/chest_closed.png",
		"chest_opened_img": "images/items/chest_opened.png",
      },
	  {
        "name": "Lodinia Marshland chest 3",
		"access_rules": ["Floating_Shoes", "@Temple of the Great Tree, Archaeopteryx_Wing", "landmark_sanity, soundless_hall, Hermits_Scale, $has|Castaways|22"],
		"chest_unopened_img": "images/items/chest_closed.png",
		"chest_opened_img": "images/items/chest_opened.png",
      },
	  {
        "name": "Lodinia Marshland chest 4",
		"access_rules": ["Floating_Shoes"],
		"chest_unopened_img": "images/items/chest_closed.png",
		"chest_opened_img": "images/items/chest_opened.png",
      },
	  {
        "name": "Lodinia Marshland chest 5",
		"access_rules": ["Floating_Shoes"],
		"chest_unopened_img": "images/items/chest_closed.png",
		"chest_opened_img": "images/items/chest_opened.png",
      },
	  {
        "name": "Lodinia Marshland chest 6",
		"access_rules": ["Floating_Shoes"],
		"chest_unopened_img": "images/items/chest_closed.png",
		"chest_opened_img": "images/items/chest_opened.png",
      },
	  {
        "name": "Lodinia Marshland chest 7",
		"access_rules": ["Floating_Shoes, Grip_Gloves, Treasure_Chest_Key", "$access_lodinia_marsh_landmarks, Floating_Shoes"],
		"chest_unopened_img": "images/items/chest_closed.png",
		"chest_opened_img": "images/items/chest_opened.png",
      },
	  {
        "name": "Lodinia Marshland chest 8",
		"access_rules": ["Floating_Shoes, Grip_Gloves, Treasure_Chest_Key", "$access_lodinia_marsh_landmarks, Floating_Shoes", "$access_lodinia_marsh_landmarks, Hermits_Scale"],
		"chest_unopened_img": "images/items/chest_closed.png",
		"chest_opened_img": "images/items/chest_opened.png",
      },
	  {
        "name": "Lodinia Marshland chest 9",
		"access_rules": ["Floating_Shoes, Grip_Gloves, Treasure_Chest_Key", "$access_lodinia_marsh_landmarks, Floating_Shoes"],
		"chest_unopened_img": "images/items/chest_closed.png",
		"chest_opened_img": "images/items/chest_opened.png",
      },
	  {
        "name": "Lodinia Marshland chest 10",
		"access_rules": ["Floating_Shoes, Grip_Gloves, Treasure_Chest_Key", "$access_lodinia_marsh_landmarks, Floating_Shoes", "$access_lodinia_marsh_landmarks, Hermits_Scale", "$access_valley_of_kings_landmarks"],
		"chest_unopened_img": "images/items/chest_closed.png",
		"chest_opened_img": "images/items/chest_opened.png",
      },
	  {
        "name": "Lodinia Marshland chest 11",
		"access_rules": ["Floating_Shoes, Grip_Gloves, Treasure_Chest_Key", "$access_lodinia_marsh_landmarks, Floating_Shoes", "$access_lodinia_marsh_landmarks, Hermits_Scale"],
		"chest_unopened_img": "images/items/chest_closed.png",
		"chest_opened_img": "images/items/chest_opened.png",
      },
	  {
        "name": "Sky Garden Discovery",
		"visibility_rules": ["landmark_sanity"],
		"access_rules": ["Floating_Shoes, Grip_Gloves, Treasure_Chest_Key, Archaeopteryx_Wing", "landmark_sanity, sky_garden"],
		"chest_unopened_img": "images/items/chest_closed.png",
		"chest_opened_img": "images/items/chest_opened.png",
      },
	  {
        "name": "Climb for tree sap",
		"access_rules": ["Floating_Shoes, Grip_Gloves, Treasure_Chest_Key, Archaeopteryx_Wing", "landmark_sanity, sky_garden"],
		"chest_unopened_img": "images/items/chest_closed.png",
		"chest_opened_img": "images/items/chest_opened.png",
      },
	 

 
    ]
  },
  //Lodinia Marshland Map Items
  {
    "item_count": 1,
    "children": [
      {
        "sections": [
          {
            "ref": "Lodinia Marshland/Lodinia Marshland chest 1",
            "name": "Chest 1"
          }
        ],
        "map_locations": [
          {
            "map": "Lodinia_Marshland",
            "x": 700,
            "y": 677,
			"size": 20
          }
        ]
      },
	  {
        "sections": [
          {
            "ref": "Lodinia Marshland/Lodinia Marshland chest 2",
            "name": "Chest 2"
          }
        ],
        "map_locations": [
          {
            "map": "Lodinia_Marshland",
            "x": 948,
            "y": 443,
			"size": 20
          }
        ]
      },
	  {
        "sections": [
          {
            "ref": "Lodinia Marshland/Lodinia Marshland chest 3",
            "name": "Chest 3"
          }
        ],
        "map_locations": [
          {
            "map": "Lodinia_Marshland",
            "x": 895,
            "y": 351,
			"size": 20
          }
        ]
      },
	  {
        "sections": [
          {
            "ref": "Lodinia Marshland/Lodinia Marshland chest 4",
            "name": "Chest 4"
          }
        ],
        "map_locations": [
          {
            "map": "Lodinia_Marshland",
            "x": 364,
            "y": 691,
			"size": 20
          }
        ]
      },
	  {
        "sections": [
          {
            "ref": "Lodinia Marshland/Lodinia Marshland chest 5",
            "name": "Chest 5"
          }
        ],
        "map_locations": [
          {
            "map": "Lodinia_Marshland",
            "x": 264,
            "y": 492,
			"size": 20
          }
        ]
      },
	  {
        "sections": [
          {
            "ref": "Lodinia Marshland/Lodinia Marshland chest 6",
            "name": "Chest 6"
          }
        ],
        "map_locations": [
          {
            "map": "Lodinia_Marshland",
            "x": 485,
            "y": 687,
			"size": 20
          }
        ]
      },
	  {
        "sections": [
          {
            "ref": "Lodinia Marshland/Lodinia Marshland chest 7",
            "name": "Chest 7"
          }
        ],
        "map_locations": [
          {
            "map": "Lodinia_Marshland",
            "x": 627,
            "y": 103,
			"size": 20
          }
        ]
      },
	  {
        "sections": [
          {
            "ref": "Lodinia Marshland/Lodinia Marshland chest 8",
            "name": "Chest 8"
          }
        ],
        "map_locations": [
          {
            "map": "Lodinia_Marshland",
            "x": 292,
            "y": 285,
			"size": 20
          }
        ]
      },
	  {
        "sections": [
          {
            "ref": "Lodinia Marshland/Lodinia Marshland chest 9",
            "name": "Chest 9"
          }
        ],
        "map_locations": [
          {
            "map": "Lodinia_Marshland",
            "x": 593,
            "y": 51,
			"size": 20
          }
        ]
      },
	  {
        "sections": [
          {
            "ref": "Lodinia Marshland/Lodinia Marshland chest 10",
            "name": "Chest 10"
          }
        ],
        "map_locations": [
          {
            "map": "Lodinia_Marshland",
            "x": 484,
            "y": 30,
			"size": 20
          }
        ]
      },
	  {
        "sections": [
          {
            "ref": "Lodinia Marshland/Lodinia Marshland chest 11",
            "name": "Chest 11"
          }
        ],
        "map_locations": [
          {
            "map": "Lodinia_Marshland",
            "x": 80,
            "y": 297,
			"size": 20
          }
        ]
      },
	  {
        "sections": [
          {
            "ref": "Lodinia Marshland/Climb for tree sap",
            "name": "Climb for tree sap"
          },
		  {
            "ref": "Lodinia Marshland/Sky Garden Discovery",
            "name": "Sky Garden Discovery"
          }
        ],
        "map_locations": [
          {
            "map": "Lodinia_Marshland",
            "x": 50,
            "y": 197,
			"size": 20
          }
        ]
      },
 
      
    ]
  },
  
 
]