[
  {
    "name": "Pangaia Plains",
    "access_rules": ["@Titis Primeval Forest"],
    "chest_unopened_img": "images/items/chest_closed.png",
    "chest_opened_img": "images/items/chest_opened.png",
    "item_count": 1,
    "map_locations": [
      {
        "map": "Seiren",
        "x": 406,
        "y": 325,
        "size": 30
      }
    ],
    "sections": [
      {
        "name": "Pangaia Plains chest 1",
		"chest_unopened_img": "images/items/chest_closed.png",
		"chest_opened_img": "images/items/chest_opened.png",
      },
	  {
        "name": "Breath Fountain Discovery",
		"visibility_rules": "landmark_sanity",
		"chest_unopened_img": "images/items/chest_closed.png",
		"chest_opened_img": "images/items/chest_opened.png",
      },
	  {
        "name": "Find Silvia",
		"chest_unopened_img": "images/items/chest_closed.png",
		"chest_opened_img": "images/items/chest_opened.png",
      },
	  {
        "name": "Pangaia Plains chest 2",
		"chest_unopened_img": "images/items/chest_closed.png",
		"chest_opened_img": "images/items/chest_opened.png",
      },
	  {
        "name": "Ancient Tree Discovery",
		"visibility_rules": "landmark_sanity",
		"chest_unopened_img": "images/items/chest_closed.png",
		"chest_opened_img": "images/items/chest_opened.png",
      },
	  {
        "name": "Pangaia Plains chest 3",
		"chest_unopened_img": "images/items/chest_closed.png",
		"chest_opened_img": "images/items/chest_opened.png",
      },
	  {
        "name": "Pangaia Plains chest 4",
		"chest_unopened_img": "images/items/chest_closed.png",
		"chest_opened_img": "images/items/chest_opened.png",
      },

 
    ]
  },
  //Pangaia Plains Map Items
  {
    "item_count": 1,
    "children": [
      {
        "sections": [
          {
            "ref": "Pangaia Plains/Pangaia Plains chest 1",
            "name": "Chest 1"
          }
        ],
        "map_locations": [
          {
            "map": "Pangaia_Plains",
            "x": 691,
            "y": 116,
			"size": 20
          }
        ]
      },
	  {
        "sections": [
          {
            "ref": "Pangaia Plains/Find Silvia",
            "name": "Find Silvia"
          },
		  {
            "ref": "Pangaia Plains/Breath Fountain Discovery",
            "name": "Breath Fountain Discovery"
          }
        ],
        "map_locations": [
          {
            "map": "Pangaia_Plains",
            "x": 530,
            "y": 75,
			"size": 20
          }
        ]
      },
	  {
        "sections": [
          {
            "ref": "Pangaia Plains/Pangaia Plains chest 2",
            "name": "Chest 2"
          }
        ],
        "map_locations": [
          {
            "map": "Pangaia_Plains",
            "x": 390,
            "y": 136,
			"size": 20
          }
        ]
      },
	  {
        "sections": [
          {
            "ref": "Pangaia Plains/Pangaia Plains chest 3",
            "name": "Chest 3"
          }
        ],
        "map_locations": [
          {
            "map": "Pangaia_Plains",
            "x": 724,
            "y": 299,
			"size": 20
          }
        ]
      },
	  {
        "sections": [
          {
            "ref": "Pangaia Plains/Pangaia Plains chest 4",
            "name": "Chest 4"
          },
		  {
            "ref": "Pangaia Plains/Ancient Tree Discovery",
            "name": "Ancient Tree Discovery"
          }
        ],
        "map_locations": [
          {
            "map": "Pangaia_Plains",
            "x": 390,
            "y": 350,
			"size": 20
          }
        ]
      },
	  
 
      
    ]
  },
  
 
]