[
  {
    "name": "Pirate Ship Eleftheria1",
    "access_rules": ["@Nostalgia Cape, Archaeopteryx_Wing, ship_log"],
    "chest_unopened_img": "images/items/chest_closed.png",
    "chest_opened_img": "images/items/chest_opened.png",
    "item_count": 1,
    "map_locations": [
      {
        "map": "Seiren",
        "x": 775,
        "y": 984,
        "size": 30
      }
    ],
    "sections": [
      {
        "name": "PSE Crew Quarters chest 1",
		"chest_unopened_img": "images/items/chest_closed.png",
		"chest_opened_img": "images/items/chest_opened.png",
      },
	  {
        "name": "PSE Crew Quarters chest 2",
		"chest_unopened_img": "images/items/chest_closed.png",
		"chest_opened_img": "images/items/chest_opened.png",
      },
	  {
        "name": "PSE Crew Quarters chest 3",
		"chest_unopened_img": "images/items/chest_closed.png",
		"chest_opened_img": "images/items/chest_opened.png",
      },
	  {
        "name": "PSE Crew Quarters chest 4",
		"chest_unopened_img": "images/items/chest_closed.png",
		"chest_opened_img": "images/items/chest_opened.png",
      },
	  {
        "name": "PSE Crew Quarters chest 5",
		"chest_unopened_img": "images/items/chest_closed.png",
		"chest_opened_img": "images/items/chest_opened.png",
      },
	  {
        "name": "PSE accessway chest 1",
		"chest_unopened_img": "images/items/chest_closed.png",
		"chest_opened_img": "images/items/chest_opened.png",
      },
	  {
        "name": "PSE accessway chest 2",
		"chest_unopened_img": "images/items/chest_closed.png",
		"chest_opened_img": "images/items/chest_opened.png",
      },
	  {
        "name": "PSE accessway chest 3",
		"chest_unopened_img": "images/items/chest_closed.png",
		"chest_opened_img": "images/items/chest_opened.png",
      },
	  {
        "name": "PSE accessway chest 4",
		"chest_unopened_img": "images/items/chest_closed.png",
		"chest_opened_img": "images/items/chest_opened.png",
      },
	  {
        "name": "PSE hold 1 chest 1",
		"chest_unopened_img": "images/items/chest_closed.png",
		"chest_opened_img": "images/items/chest_opened.png",
      },
	  {
        "name": "PSE hold 1 chest 2",
		"chest_unopened_img": "images/items/chest_closed.png",
		"chest_opened_img": "images/items/chest_opened.png",
      },
	  {
        "name": "PSE hold 1 chest 3",
		"chest_unopened_img": "images/items/chest_closed.png",
		"chest_opened_img": "images/items/chest_opened.png",
      },
	  {
        "name": "PSE hold 1 Pirate Corpse",
		"chest_unopened_img": "images/items/chest_closed.png",
		"chest_opened_img": "images/items/chest_opened.png",
      },

 
    ]
  },
  
  {
    "name": "Pirate Ship Eleftheria2",
    "access_rules": ["@Nostalgia Cape, Archaeopteryx_Wing, $has|ship_log"],
    "chest_unopened_img": "images/items/chest_closed.png",
    "chest_opened_img": "images/items/chest_opened.png",
    "item_count": 1,
    "map_locations": [
      {
        "map": "Seiren",
        "x": 807,
        "y": 984,
        "size": 30
      }
    ],
    "sections": [
      {
        "name": "PSE hold 2 chest 1",
		"access_rules": ["Hermits_Scale"],
		"chest_unopened_img": "images/items/chest_closed.png",
		"chest_opened_img": "images/items/chest_opened.png",
      },
	  {
        "name": "PSE hold 2 chest 2",
		"access_rules": ["Hermits_Scale"],
		"chest_unopened_img": "images/items/chest_closed.png",
		"chest_opened_img": "images/items/chest_opened.png",
      },
	  {
        "name": "PSE hold 3 chest 1",
		"access_rules": ["Hermits_Scale"],
		"chest_unopened_img": "images/items/chest_closed.png",
		"chest_opened_img": "images/items/chest_opened.png",
      },
	  {
        "name": "PSE hold 3 chest 2",
		"access_rules": ["Hermits_Scale"],
		"chest_unopened_img": "images/items/chest_closed.png",
		"chest_opened_img": "images/items/chest_opened.png",
      },
	  {
        "name": "PSE hold 2 chest 2",
		"access_rules": ["Hermits_Scale"],
		"chest_unopened_img": "images/items/chest_closed.png",
		"chest_opened_img": "images/items/chest_opened.png",
      },
	  {
        "name": "PSE hold 1 chest 4",
		"access_rules": ["Hermits_Scale"],
		"chest_unopened_img": "images/items/chest_closed.png",
		"chest_opened_img": "images/items/chest_opened.png",
      },
	  {
        "name": "PSE stairwell chest",
		"chest_unopened_img": "images/items/chest_closed.png",
		"chest_opened_img": "images/items/chest_opened.png",
      },
	  {
        "name": "PSE deckhouse chest 1",
		"chest_unopened_img": "images/items/chest_closed.png",
		"chest_opened_img": "images/items/chest_opened.png",
      },
	  {
        "name": "PSE deckhouse chest 2",
		"chest_unopened_img": "images/items/chest_closed.png",
		"chest_opened_img": "images/items/chest_opened.png",
      },
	  {
        "name": "PSE deckhouse chest 3",
		"chest_unopened_img": "images/items/chest_closed.png",
		"chest_opened_img": "images/items/chest_opened.png",
      },
	  {
        "name": "PSE deckhouse Pirate Corpse",
		"chest_unopened_img": "images/items/chest_closed.png",
		"chest_opened_img": "images/items/chest_opened.png",
      },
	  {
        "name": "Pirate Revenant Boss Fight",
		"chest_unopened_img": "images/items/chest_closed.png",
		"chest_opened_img": "images/items/chest_opened.png",
      },
	  {
        "name": "PSE Deck chest",
		"chest_unopened_img": "images/items/chest_closed.png",
		"chest_opened_img": "images/items/chest_opened.png",
      },
	  

 
    ]
  },
  
  //Pirate Ship Eleftheria Map Items
  {
    "item_count": 1,
    "children": [
      {
        "sections": [
          {
            "ref": "Pirate Ship Eleftheria1/PSE Crew Quarters chest 1",
            "name": "Crew Quarters Chest 1"
          }
        ],
        "map_locations": [
          {
            "map": "Pirate_Ship_Eleftheria",
            "x": 75,
            "y": 124,
			"size": 40
          }
        ]
      },
	  {
        "sections": [
          {
            "ref": "Pirate Ship Eleftheria1/PSE Crew Quarters chest 2",
            "name": "Crew Quarters Chest 2"
          }
        ],
        "map_locations": [
          {
            "map": "Pirate_Ship_Eleftheria",
            "x": 324,
            "y": 231,
			"size": 40
          }
        ]
      },
	  {
        "sections": [
          {
            "ref": "Pirate Ship Eleftheria1/PSE Crew Quarters chest 3",
            "name": "Crew Quarters Chest 3"
          }
        ],
        "map_locations": [
          {
            "map": "Pirate_Ship_Eleftheria",
            "x": 486,
            "y": 210,
			"size": 40
          }
        ]
      },
	  {
        "sections": [
          {
            "ref": "Pirate Ship Eleftheria1/PSE Crew Quarters chest 4",
            "name": "Crew Quarters Chest 4"
          }
        ],
        "map_locations": [
          {
            "map": "Pirate_Ship_Eleftheria",
            "x": 526,
            "y": 63,
			"size": 40
          }
        ]
      },
	  {
        "sections": [
          {
            "ref": "Pirate Ship Eleftheria1/PSE Crew Quarters chest 5",
            "name": "Crew Quarters Chest 5"
          }
        ],
        "map_locations": [
          {
            "map": "Pirate_Ship_Eleftheria",
            "x": 718,
            "y": 178,
			"size": 40
          }
        ]
      },
	  {
        "sections": [
          {
            "ref": "Pirate Ship Eleftheria1/PSE accessway chest 1",
            "name": "Accessway chest 1"
          }
        ],
        "map_locations": [
          {
            "map": "Pirate_Ship_Eleftheria",
            "x": 949,
            "y": 124,
			"size": 40
          }
        ]
      },
	  {
        "sections": [
          {
            "ref": "Pirate Ship Eleftheria1/PSE accessway chest 2",
            "name": "Accessway chest 2"
          }
        ],
        "map_locations": [
          {
            "map": "Pirate_Ship_Eleftheria",
            "x": 1060,
            "y": 49,
			"size": 40
          }
        ]
      },
	  {
        "sections": [
          {
            "ref": "Pirate Ship Eleftheria1/PSE accessway chest 3",
            "name": "Accessway chest 3"
          }
        ],
        "map_locations": [
          {
            "map": "Pirate_Ship_Eleftheria",
            "x": 1075,
            "y": 211,
			"size": 40
          }
        ]
      },
	  {
        "sections": [
          {
            "ref": "Pirate Ship Eleftheria1/PSE accessway chest 4",
            "name": "Accessway chest 4"
          }
        ],
        "map_locations": [
          {
            "map": "Pirate_Ship_Eleftheria",
            "x": 1437,
            "y": 123,
			"size": 40
          }
        ]
      },
	  {
        "sections": [
          {
            "ref": "Pirate Ship Eleftheria1/PSE hold 1 chest 1",
            "name": "Hold 1 chest 1"
          }
        ],
        "map_locations": [
          {
            "map": "Pirate_Ship_Eleftheria",
            "x": 1912,
            "y": 84,
			"size": 40
          }
        ]
      },
	  {
        "sections": [
          {
            "ref": "Pirate Ship Eleftheria1/PSE hold 1 chest 2",
            "name": "Hold 1 chest 2"
          }
        ],
        "map_locations": [
          {
            "map": "Pirate_Ship_Eleftheria",
            "x": 2086,
            "y": 174,
			"size": 40
          }
        ]
      },
	  {
        "sections": [
          {
            "ref": "Pirate Ship Eleftheria1/PSE hold 1 chest 3",
            "name": "Hold 1 chest 3"
          }
        ],
        "map_locations": [
          {
            "map": "Pirate_Ship_Eleftheria",
            "x": 2394,
            "y": 183,
			"size": 40
          }
        ]
      },
	  {
        "sections": [
          {
            "ref": "Pirate Ship Eleftheria1/PSE hold 1 Pirate Corpse",
            "name": "Hold 1 Pirate Corpse"
          }
        ],
        "map_locations": [
          {
            "map": "Pirate_Ship_Eleftheria",
            "x": 2275,
            "y": 183,
			"size": 40
          }
        ]
      },
	  {
        "sections": [
          {
            "ref": "Pirate Ship Eleftheria2/PSE hold 2 chest 1",
            "name": "Hold 2 Chest 1"
          }
        ],
        "map_locations": [
          {
            "map": "Pirate_Ship_Eleftheria",
            "x": 1506,
            "y": 451,
			"size": 40
          }
        ]
      },
	  {
        "sections": [
          {
            "ref": "Pirate Ship Eleftheria2/PSE hold 2 chest 2",
            "name": "Hold 2 Chest 2"
          }
        ],
        "map_locations": [
          {
            "map": "Pirate_Ship_Eleftheria",
            "x": 1291,
            "y": 388,
			"size": 40
          }
        ]
      },
	  {
        "sections": [
          {
            "ref": "Pirate Ship Eleftheria2/PSE hold 3 chest 1",
            "name": "Hold 3 Chest 1"
          }
        ],
        "map_locations": [
          {
            "map": "Pirate_Ship_Eleftheria",
            "x": 1786,
            "y": 684,
			"size": 40
          }
        ]
      },
	  {
        "sections": [
          {
            "ref": "Pirate Ship Eleftheria2/PSE hold 3 chest 2",
            "name": "Hold 3 Chest 2"
          }
        ],
        "map_locations": [
          {
            "map": "Pirate_Ship_Eleftheria",
            "x": 1251,
            "y": 678,
			"size": 40
          }
        ]
      },
	  {
        "sections": [
          {
            "ref": "Pirate Ship Eleftheria2/PSE hold 1 chest 4",
            "name": "Hold 1 Chest 4"
          }
        ],
        "map_locations": [
          {
            "map": "Pirate_Ship_Eleftheria",
            "x": 1641,
            "y": 153,
			"size": 40
          }
        ]
      },
	  {
        "sections": [
          {
            "ref": "Pirate Ship Eleftheria2/PSE stairwell chest",
            "name": "Stairwell chest"
          }
        ],
        "map_locations": [
          {
            "map": "Pirate_Ship_Eleftheria",
            "x": 343,
            "y": 391,
			"size": 40
          }
        ]
      },
	  {
        "sections": [
          {
            "ref": "Pirate Ship Eleftheria2/PSE deckhouse chest 1",
            "name": "Deckhouse Chest 1"
          }
        ],
        "map_locations": [
          {
            "map": "Pirate_Ship_Eleftheria",
            "x": 975,
            "y": 348,
			"size": 40
          }
        ]
      },
	  {
        "sections": [
          {
            "ref": "Pirate Ship Eleftheria2/PSE deckhouse chest 2",
            "name": "Deckhouse Chest 2"
          }
        ],
        "map_locations": [
          {
            "map": "Pirate_Ship_Eleftheria",
            "x": 895,
            "y": 502,
			"size": 40
          }
        ]
      },
	  {
        "sections": [
          {
            "ref": "Pirate Ship Eleftheria2/PSE deckhouse chest 3",
            "name": "Deckhouse Chest 3"
          }
        ],
        "map_locations": [
          {
            "map": "Pirate_Ship_Eleftheria",
            "x": 813,
            "y": 472,
			"size": 40
          }
        ]
      },
	  {
        "sections": [
          {
            "ref": "Pirate Ship Eleftheria2/PSE deckhouse Pirate Corpse",
            "name": "Deckhouse Pirate Corpse"
          }
        ],
        "map_locations": [
          {
            "map": "Pirate_Ship_Eleftheria",
            "x": 700,
            "y": 478,
			"size": 40
          }
        ]
      },
	  {
        "sections": [
          {
            "ref": "Pirate Ship Eleftheria2/Pirate Revenant Boss Fight",
            "name": "Pirate Revenant Boss Fight"
          },
		  {
            "ref": "Pirate Ship Eleftheria2/PSE Deck chest",
            "name": "Deck Chest"
          }
        ],
        "map_locations": [
          {
            "map": "Pirate_Ship_Eleftheria",
            "x": 874,
            "y": 697,
			"size": 40
          }
        ]
      },
	  
	  
 
      
    ]
  },
  
 
]