[
  {
    "name": "Primordial Passage",
    "access_rules": ["@Great River Valley, maiden_journal, Grip_Gloves", "landmark_sanity, prismatic_mineral_vein"],
    "chest_unopened_img": "images/items/chest_closed.png",
    "chest_opened_img": "images/items/chest_opened.png",
    "item_count": 1,
    "map_locations": [
      {
        "map": "Seiren",
        "x": 444,
        "y": 783,
        "size": 30
      }
    ],
    "sections": [
      {
        "name": "Primordial Passage chest 1",
		"chest_unopened_img": "images/items/chest_closed.png",
		"chest_opened_img": "images/items/chest_opened.png",
      },
	  {
        "name": "Primordial Passage chest 2",
		"chest_unopened_img": "images/items/chest_closed.png",
		"chest_opened_img": "images/items/chest_opened.png",
      },

 
    ]
  },
  //Primordial Passage Map Items
  {
    "item_count": 1,
    "children": [
      {
        "sections": [
          {
            "ref": "Primordial Passage/Primordial Passage chest 1",
            "name": "Chest 1"
          }
        ],
        "map_locations": [
          {
            "map": "Primordial_Passage",
            "x": 363,
            "y": 205,
			"size": 20
          }
        ]
      },
	  {
        "sections": [
          {
            "ref": "Primordial Passage/Primordial Passage chest 2",
            "name": "Chest 2"
          }
        ],
        "map_locations": [
          {
            "map": "Primordial_Passage",
            "x": 188,
            "y": 350,
			"size": 20
          }
        ]
      },
 
      
    ]
  },
  
 
]