[
  {
    "name": "Roaring Seashore",
    "access_rules": [],
    "chest_unopened_img": "images/items/chest_closed.png",
    "chest_opened_img": "images/items/chest_opened.png",
    "item_count": 1,
    "map_locations": [
      {
        "map": "Seiren",
        "x": 134,
        "y": 915,
        "size": 30
      }
    ],
    "sections": [
      {
        "name": "Roaring Seashore chest 1",
		"access_rules": ["Grip_Gloves", "$access_roaring_seashore_lower_landmarks"],
		"chest_unopened_img": "images/items/chest_closed.png",
		"chest_opened_img": "images/items/chest_opened.png",
      },
	  {
        "name": "Roaring Seashore chest 2",
		"access_rules": ["Grip_Gloves", "$access_roaring_seashore_lower_landmarks"],
		"chest_unopened_img": "images/items/chest_closed.png",
		"chest_opened_img": "images/items/chest_opened.png",
      },
	  {
        "name": "Metavolicalis Discovery",
		"visibility_rules": ["landmark_sanity"],
		"access_rules": ["Grip_Gloves", "$access_roaring_seashore_lower_landmarks"],
		"chest_unopened_img": "images/items/chest_closed.png",
		"chest_opened_img": "images/items/chest_opened.png",
      },
	  {
        "name": "Find Kathleen",
		"access_rules": ["Grip_Gloves", "$access_roaring_seashore_lower_landmarks"],
		"chest_unopened_img": "images/items/chest_closed.png",
		"chest_opened_img": "images/items/chest_opened.png",
      },
	  	  {
        "name": "Roaring Seashore chest 3",
		"access_rules":["$access_roaring_seashore_upper_landmarks"],
		"chest_unopened_img": "images/items/chest_closed.png",
		"chest_opened_img": "images/items/chest_opened.png",
      },
	  {
        "name": "Roaring Seashore near Kong chest",
		"access_rules":["$access_roaring_seashore_upper_landmarks"],
		"chest_unopened_img": "images/items/chest_closed.png",
		"chest_opened_img": "images/items/chest_opened.png",
      },
	  {
        "name": "Parasequoia Discovery",
		"visibility_rules": ["landmark_sanity"],
		"access_rules":["$access_roaring_seashore_upper_landmarks"],
		"chest_unopened_img": "images/items/chest_closed.png",
		"chest_opened_img": "images/items/chest_opened.png",
      },
	
 
    ]
  },
  //Roaring Seashore Map Items
  {
    "item_count": 1,
    "children": [
      {
        "sections": [
          {
            "ref": "Roaring Seashore/Roaring Seashore chest 1",
            "name": "Chest 1"
          }
        ],
        "map_locations": [
          {
            "map": "Roaring_Seashore",
            "x": 199,
            "y": 25,
			"size": 20
          }
        ]
      },
	  {
        "sections": [
          {
            "ref": "Roaring Seashore/Roaring Seashore chest 2",
            "name": "Chest 2"
          },
		  {
            "ref": "Roaring Seashore/Metavolicalis Discovery",
            "name": "Metavolicalis Discovery"
          }
        ],
        "map_locations": [
          {
            "map": "Roaring_Seashore",
            "x": 219,
            "y": 157,
			"size": 20
          }
        ]
      },
	  {
        "sections": [
          {
            "ref": "Roaring Seashore/Find Kathleen",
            "name": "Find Kathleen"
          }
        ],
        "map_locations": [
          {
            "map": "Roaring_Seashore",
            "x": 155,
            "y": 178,
			"size": 20
          }
        ]
      },
	  {
        "sections": [
          {
            "ref": "Roaring Seashore/Roaring Seashore chest 3",
            "name": "Chest 1"
          }
        ],
        "map_locations": [
          {
            "map": "Roaring_Seashore",
            "x": 871,
            "y": 616,
			"size": 20
          }
        ]
      },
	  {
        "sections": [
          {
            "ref": "Roaring Seashore/Roaring Seashore near Kong chest",
            "name": "Near Kong Chest"
          },
		  {
            "ref": "Roaring Seashore/Parasequoia Discovery",
            "name": "Parasequoia Discovery"
          }
        ],
        "map_locations": [
          {
            "map": "Roaring_Seashore",
            "x": 839,
            "y": 372,
			"size": 20
          }
        ]
      },
	  
 
      
    ]
  },
  
 
]