[
  {
    "name": "Ruins of Eternia",
    "access_rules": ["@Titis Primeval Forest, blue_seal", "@Titis Primeval Forest, green_seal, Dana", "$access_eternia_landmarks"],
    "chest_unopened_img": "images/items/chest_closed.png",
    "chest_opened_img": "images/items/chest_opened.png",
    "item_count": 1,
    "map_locations": [
      {
        "map": "Seiren",
        "x": 283,
        "y": 370,
        "size": 30
      }
    ],
    "sections": [
      {
        "name": "Ruins of Eternia chest 1",
		"access_rules": ["treasure_chest_key"],
		"chest_unopened_img": "images/items/chest_closed.png",
		"chest_opened_img": "images/items/chest_opened.png",
      },
	  {
        "name": "Ruins of Eternia chest 2",
		"chest_unopened_img": "images/items/chest_closed.png",
		"chest_opened_img": "images/items/chest_opened.png",
      },
	  {
        "name": "Ruins of Eternia chest 3",
		"access_rules": ["Dina"],
		"chest_unopened_img": "images/items/chest_closed.png",
		"chest_opened_img": "images/items/chest_opened.png",
      },
	  {
        "name": "Ruins of Eternia chest 4",
		"access_rules": ["Dina"],
		"chest_unopened_img": "images/items/chest_closed.png",
		"chest_opened_img": "images/items/chest_opened.png",
      },
	  {
        "name": "Ruins of Eternia chest 5",
		"access_rules": ["green_seal"],
		"chest_unopened_img": "images/items/chest_closed.png",
		"chest_opened_img": "images/items/chest_opened.png",
      },
	  {
        "name": "Ruins of Eternia chest 6",
		"access_rules": ["green_seal"],
		"chest_unopened_img": "images/items/chest_closed.png",
		"chest_opened_img": "images/items/chest_opened.png",
      },
	  {
        "name": "Ruins of Eternia chest 7",
		"access_rules": ["green_seal"],
		"chest_unopened_img": "images/items/chest_closed.png",
		"chest_opened_img": "images/items/chest_opened.png",
      },
	  {
        "name": "Bird statue in the stupa",
		"chest_unopened_img": "images/items/chest_closed.png",
		"chest_opened_img": "images/items/chest_opened.png",
      },
	  {
        "name": "Thanatos spooks you",
		"chest_unopened_img": "images/items/chest_closed.png",
		"chest_opened_img": "images/items/chest_opened.png",
      },

 
    ]
  },
  //Ruins Of Eternia Map Items
  {
    "item_count": 1,
    "children": [
      {
        "sections": [
          {
            "ref": "Ruins of Eternia/Ruins of Eternia chest 1",
            "name": "Chest 1"
          },
		  {
            "ref": "Ruins of Eternia/Ruins of Eternia chest 2",
            "name": "Chest 2"
          }
        ],
        "map_locations": [
          {
            "map": "Ruins_of_Eternia",
            "x": 75,
            "y": 440,
			"size": 20
          }
        ]
      },
	  {
        "sections": [
          {
            "ref": "Ruins of Eternia/Ruins of Eternia chest 3",
            "name": "Chest 3"
          }
        ],
        "map_locations": [
          {
            "map": "Ruins_of_Eternia",
            "x": 453,
            "y": 215,
			"size": 20
          }
        ]
      },
	  {
        "sections": [
          {
            "ref": "Ruins of Eternia/Ruins of Eternia chest 4",
            "name": "Chest 4"
          }
        ],
        "map_locations": [
          {
            "map": "Ruins_of_Eternia",
            "x": 368,
            "y": 176,
			"size": 20
          }
        ]
      },
	  {
        "sections": [
          {
            "ref": "Ruins of Eternia/Ruins of Eternia chest 5",
            "name": "Chest 5"
          },
		  {
            "ref": "Ruins of Eternia/Ruins of Eternia chest 6",
            "name": "Chest 6"
          },
		  {
            "ref": "Ruins of Eternia/Ruins of Eternia chest 7",
            "name": "Chest 7"
          },
        ],
        "map_locations": [
          {
            "map": "Ruins_of_Eternia",
            "x": 1036,
            "y": 80,
			"size": 20
          }
        ]
      },
	  {
        "sections": [
          {
            "ref": "Ruins of Eternia/Bird statue in the stupa",
            "name": "Bird statue in the stupa"
          },
        ],
        "map_locations": [
          {
            "map": "Ruins_of_Eternia",
            "x": 564,
            "y": 199,
			"size": 20
          }
        ]
      },
	  {
        "sections": [
          {
            "ref": "Ruins of Eternia/Thanatos spooks you",
            "name": "Thanatos spooks you"
          },
        ],
        "map_locations": [
          {
            "map": "Ruins_of_Eternia",
            "x": 419,
            "y": 16,
			"size": 20
          }
        ]
      },
	  
 
      
    ]
  },
  
 
]