[
  {
    "name": "Schlamm Jungle1",
    "access_rules": ["@Great River Valley, Dina", "landmark_sanity, field_of_medicinal_herbs"],
    "chest_unopened_img": "images/items/chest_closed.png",
    "chest_opened_img": "images/items/chest_opened.png",
    "item_count": 1,
    "map_locations": [
      {
        "map": "Seiren",
        "x": 618,
        "y": 723,
        "size": 30
      }
    ],
    "sections": [
      {
        "name": "Euron finds you",
		"chest_unopened_img": "images/items/chest_closed.png",
		"chest_opened_img": "images/items/chest_opened.png",
      },
	  {
        "name": "Jungle chest 1",
		"chest_unopened_img": "images/items/chest_closed.png",
		"chest_opened_img": "images/items/chest_opened.png",
      },
	  {
        "name": "Jungle chest 2",
		"access_rules": ["Grip_Gloves"],
		"chest_unopened_img": "images/items/chest_closed.png",
		"chest_opened_img": "images/items/chest_opened.png",
      },
	  {
        "name": "Jungle chest 3",
		"access_rules": ["Grip_Gloves"],
		"chest_unopened_img": "images/items/chest_closed.png",
		"chest_opened_img": "images/items/chest_opened.png",
      },
	  {
        "name": "Magamandra Boss Fight",
		"chest_unopened_img": "images/items/chest_closed.png",
		"chest_opened_img": "images/items/chest_opened.png",
      },
	  {
        "name": "Jungle chest 4",
		"chest_unopened_img": "images/items/chest_closed.png",
		"chest_opened_img": "images/items/chest_opened.png",
      },
	  {
        "name": "Jungle chest 5",
		"access_rules": ["Floating_Shoes", "Archaeopteryx_Wing"],
		"chest_unopened_img": "images/items/chest_closed.png",
		"chest_opened_img": "images/items/chest_opened.png",
      },
	  {
        "name": "Jungle Pirate Corpse",
		"access_rules": ["Floating_Shoes", "Archaeopteryx_Wing"],
		"chest_unopened_img": "images/items/chest_closed.png",
		"chest_opened_img": "images/items/chest_opened.png",
      },

 
    ]
  },
  {
    "name": "Schlamm Jungle2",
    "access_rules": ["@Great River Valley, Dina, Floating_Shoes", "@Great River Valley, Dina, Archaeopteryx_Wing", "landmark_sanity, field_of_medicinal_herbs"],
    "chest_unopened_img": "images/items/chest_closed.png",
    "chest_opened_img": "images/items/chest_opened.png",
    "item_count": 1,
    "map_locations": [
      {
        "map": "Seiren",
        "x": 687,
        "y": 643,
        "size": 30
      }
    ],
    "sections": [
	  {
        "name": "Jungle chest 6",
		"access_rules": ["Grip_Gloves, Floating_Shoes", "Grip_Gloves, Archaeopteryx_Wing"],
		"chest_unopened_img": "images/items/chest_closed.png",
		"chest_opened_img": "images/items/chest_opened.png",
      },
	  {
        "name": "Jungle chest 7",
		"chest_unopened_img": "images/items/chest_closed.png",
		"chest_opened_img": "images/items/chest_opened.png",
      },
	  {
        "name": "Jungle chest 8",
		"access_rules": ["Grip_Gloves, Floating_Shoes", "landmark_sanity, field_of_medicinal_herbs"],
		"chest_unopened_img": "images/items/chest_closed.png",
		"chest_opened_img": "images/items/chest_opened.png",
      },
	  {
        "name": "Field of Medicinal Herbs Discovery",
		"visibility_rules": "landmark_sanity",
		"access_rules": ["Grip_Gloves, Floating_Shoes", "landmark_sanity, field_of_medicinal_herbs"],
		"chest_unopened_img": "images/items/chest_closed.png",
		"chest_opened_img": "images/items/chest_opened.png",
      },
	  {
        "name": "Jungle chest 9",
		"access_rules": ["Grip_Gloves, Floating_Shoes", "Archaeopteryx_Wing"],
		"chest_unopened_img": "images/items/chest_closed.png",
		"chest_opened_img": "images/items/chest_opened.png",
      },
	  {
        "name": "Jungle chest 10",
		"access_rules": ["Floating_Shoes"],
		"chest_unopened_img": "images/items/chest_closed.png",
		"chest_opened_img": "images/items/chest_opened.png",
      },
	  {
        "name": "Laspisus Boss Fight",
		"access_rules": ["Floating_Shoes"],
		"chest_unopened_img": "images/items/chest_closed.png",
		"chest_opened_img": "images/items/chest_opened.png",
      },
	  

 
    ]
  },
  
  //Schlamm Jungle Map Items
  {
    "item_count": 1,
    "children": [
		{
        "sections": [
          {
            "ref": "Schlamm Jungle1/Euron finds you",
            "name": "Euron finds you"
          }
        ],
        "map_locations": [
          {
            "map": "Schlamm_Jungle",
            "x": 142,
            "y": 577,
			"size": 20
          }
        ]
      },
	  {
        "sections": [
          {
            "ref": "Schlamm Jungle1/Jungle chest 1",
            "name": "Chest 1"
          }
        ],
        "map_locations": [
          {
            "map": "Schlamm_Jungle",
            "x": 193,
            "y": 445,
			"size": 20
          }
        ]
      },
	  {
        "sections": [
          {
            "ref": "Schlamm Jungle1/Jungle chest 2",
            "name": "Chest 2"
          }
        ],
        "map_locations": [
          {
            "map": "Schlamm_Jungle",
            "x": 109,
            "y": 309,
			"size": 20
          }
        ]
      },
	  {
        "sections": [
          {
            "ref": "Schlamm Jungle1/Jungle chest 3",
            "name": "Chest 3"
          }
        ],
        "map_locations": [
          {
            "map": "Schlamm_Jungle",
            "x": 368,
            "y": 153,
			"size": 20
          }
        ]
      },
	  {
        "sections": [
          {
            "ref": "Schlamm Jungle1/Magamandra Boss Fight",
            "name": "Magamandra Boss Fight"
          },
		  {
            "ref": "Schlamm Jungle1/Jungle chest 4",
            "name": "Chest 4"
          }
        ],
        "map_locations": [
          {
            "map": "Schlamm_Jungle",
            "x": 403,
            "y": 392,
			"size": 20
          }
        ]
      },
	  {
        "sections": [
          {
            "ref": "Schlamm Jungle1/Jungle chest 5",
            "name": "Chest 5"
          }
        ],
        "map_locations": [
          {
            "map": "Schlamm_Jungle",
            "x": 322,
            "y": 587,
			"size": 20
          }
        ]
      },
	  {
        "sections": [
          {
            "ref": "Schlamm Jungle1/Jungle Pirate Corpse",
            "name": "Pirate Corpse"
          }
        ],
        "map_locations": [
          {
            "map": "Schlamm_Jungle",
            "x": 357,
            "y": 497,
			"size": 20
          }
        ]
      },
	  {
        "sections": [
          {
            "ref": "Schlamm Jungle2/Jungle chest 6",
            "name": "Chest 6"
          }
        ],
        "map_locations": [
          {
            "map": "Schlamm_Jungle",
            "x": 591,
            "y": 270,
			"size": 20
          }
        ]
      },
	  {
        "sections": [
          {
            "ref": "Schlamm Jungle2/Jungle chest 7",
            "name": "Chest 7"
          }
        ],
        "map_locations": [
          {
            "map": "Schlamm_Jungle",
            "x": 557,
            "y": 408,
			"size": 20
          }
        ]
      },
	  {
        "sections": [
          {
            "ref": "Schlamm Jungle2/Jungle chest 8",
            "name": "Chest 8"
          },
		  {
            "ref": "Schlamm Jungle2/Field of Medicinal Herbs Discovery",
            "name": "Field of Medicinal Herbs Discovery"
          }
        ],
        "map_locations": [
          {
            "map": "Schlamm_Jungle",
            "x": 841,
            "y": 588,
			"size": 20
          }
        ]
      },
	  {
        "sections": [
          {
            "ref": "Schlamm Jungle2/Jungle chest 9",
            "name": "Chest 9"
          }
        ],
        "map_locations": [
          {
            "map": "Schlamm_Jungle",
            "x": 853,
            "y": 344,
			"size": 20
          }
        ]
      },
	  {
        "sections": [
          {
            "ref": "Schlamm Jungle2/Jungle chest 10",
            "name": "Chest 10"
          }
        ],
        "map_locations": [
          {
            "map": "Schlamm_Jungle",
            "x": 652,
            "y": 269,
			"size": 20
          }
        ]
      },
	  {
        "sections": [
          {
            "ref": "Schlamm Jungle2/Laspisus Boss Fight",
            "name": "Laspisus Boss Fight"
          }
        ],
        "map_locations": [
          {
            "map": "Schlamm_Jungle",
            "x": 896,
            "y": 136,
			"size": 20
          }
        ]
      },
 
      
    ]
  },
  
 
]