[
  {
    "name": "Stone Pillar Wind Cave",
    "access_rules": ["@Pangaia Plains, $has|Castaways|18"],
    "chest_unopened_img": "images/items/chest_closed.png",
    "chest_opened_img": "images/items/chest_opened.png",
    "item_count": 1,
    "map_locations": [
      {
        "map": "Seiren",
        "x": 495,
        "y": 297,
        "size": 30
      }
    ],
    "sections": [
      {
        "name": "SPWC chest 1",
		"chest_unopened_img": "images/items/chest_closed.png",
		"chest_opened_img": "images/items/chest_opened.png",
      },
	  {
        "name": "SPWC chest 2",
		"access_rules": ["Grip_Gloves"],
		"chest_unopened_img": "images/items/chest_closed.png",
		"chest_opened_img": "images/items/chest_opened.png",
      },
	  {
        "name": "SPWC chest 3",
		"access_rules": ["Grip_Gloves"],
		"chest_unopened_img": "images/items/chest_closed.png",
		"chest_opened_img": "images/items/chest_opened.png",
      },
	  {
        "name": "SPWC chest 4",
		"access_rules": ["Grip_Gloves"],
		"chest_unopened_img": "images/items/chest_closed.png",
		"chest_opened_img": "images/items/chest_opened.png",
      },{
        "name": "SPWC chest 5",
		"access_rules": ["Grip_Gloves"],
		"chest_unopened_img": "images/items/chest_closed.png",
		"chest_opened_img": "images/items/chest_opened.png",
      },

 
    ]
  },
  //Stone Pillar Wind Cave Map Items
  {
    "item_count": 1,
    "children": [
      {
        "sections": [
          {
            "ref": "Stone Pillar Wind Cave/SPWC chest 1",
            "name": "Chest 1"
          }
        ],
        "map_locations": [
          {
            "map": "Stone_Pillar_Wind_Cave",
            "x": 487,
            "y": 142,
			"size": 40
          }
        ]
      },
	  {
        "sections": [
          {
            "ref": "Stone Pillar Wind Cave/SPWC chest 2",
            "name": "Chest 2"
          }
        ],
        "map_locations": [
          {
            "map": "Stone_Pillar_Wind_Cave",
            "x": 471,
            "y": 229,
			"size": 40
          }
        ]
      },
	  {
        "sections": [
          {
            "ref": "Stone Pillar Wind Cave/SPWC chest 3",
            "name": "Chest 3"
          }
        ],
        "map_locations": [
          {
            "map": "Stone_Pillar_Wind_Cave",
            "x": 556,
            "y": 228,
			"size": 40
          }
        ]
      },
	  {
        "sections": [
          {
            "ref": "Stone Pillar Wind Cave/SPWC chest 4",
            "name": "Chest 4"
          }
        ],
        "map_locations": [
          {
            "map": "Stone_Pillar_Wind_Cave",
            "x": 633,
            "y": 185,
			"size": 40
          }
        ]
      },
	  {
        "sections": [
          {
            "ref": "Stone Pillar Wind Cave/SPWC chest 5",
            "name": "Chest 1"
          }
        ],
        "map_locations": [
          {
            "map": "Stone_Pillar_Wind_Cave",
            "x": 99,
            "y": 128,
			"size": 40
          }
        ]
      },
 
      
    ]
  },
  
 
]