[
  {
    "name": "Towal Highway",
    "access_rules": ["@Ruins of Eternia, Dana"],
    "chest_unopened_img": "images/items/chest_closed.png",
    "chest_opened_img": "images/items/chest_opened.png",
    "item_count": 1,
    "map_locations": [
      {
        "map": "Seiren",
        "x": 324,
        "y": 216,
        "size": 30
      }
    ],
    "sections": [
      {
        "name": "Towal Highway chest 1",
		"chest_unopened_img": "images/items/chest_closed.png",
		"chest_opened_img": "images/items/chest_opened.png",
      },
	  {
        "name": "Find Katthew",
		"access_rules": ["Grip_Gloves"],
		"chest_unopened_img": "images/items/chest_closed.png",
		"chest_opened_img": "images/items/chest_opened.png",
      },
	  {
        "name": "Towal Highway chest 2",
		"chest_unopened_img": "images/items/chest_closed.png",
		"chest_opened_img": "images/items/chest_opened.png",
      },

 
    ]
  },
  //Towal Highway Map Items
  {
    "item_count": 1,
    "children": [
      {
        "sections": [
          {
            "ref": "Towal Highway/Towal Highway chest 1",
            "name": "Chest 1"
          }
        ],
        "map_locations": [
          {
            "map": "Towal_Highway",
            "x": 243,
            "y": 197,
			"size": 20
          }
        ]
      },
	  {
        "sections": [
          {
            "ref": "Towal Highway/Find Katthew",
            "name": "Find Katthew"
          }
        ],
        "map_locations": [
          {
            "map": "Towal_Highway",
            "x": 605,
            "y": 125,
			"size": 20
          }
        ]
      },
	  {
        "sections": [
          {
            "ref": "Towal Highway/Towal Highway chest 2",
            "name": "Chest 2"
          }
        ],
        "map_locations": [
          {
            "map": "Towal_Highway",
            "x": 625,
            "y": 77,
			"size": 20
          }
        ]
      },
 
      
    ]
  },
  
 
]