[
  {
    "name": "Valley of Kings1",
    "access_rules": ["@Temple of the Great Tree, treasure_chest_key, Grip_Gloves, Floating_Shoes", "$access_lodinia_marsh_landmarks, Floating_Shoes", "$access_valley_of_kings_landmarks"],
    "chest_unopened_img": "images/items/chest_closed.png",
    "chest_opened_img": "images/items/chest_opened.png",
    "item_count": 1,
    "map_locations": [
      {
        "map": "Seiren",
        "x": 124,
        "y": 393,
        "size": 30
      }
    ],
    "sections": [
      {
        "name": "Valley of Kings chest",
		"access_rules": "Dina",
		"chest_unopened_img": "images/items/chest_closed.png",
		"chest_opened_img": "images/items/chest_opened.png",
      },
	  {
        "name": "VoK lower lvl chest 1",
		"chest_unopened_img": "images/items/chest_closed.png",
		"chest_opened_img": "images/items/chest_opened.png",
      },
	  {
        "name": "VoK lower lvl chest 2",
		"chest_unopened_img": "images/items/chest_closed.png",
		"chest_opened_img": "images/items/chest_opened.png",
      },
	  {
        "name": "VoK lower lvl chest 3",
		"chest_unopened_img": "images/items/chest_closed.png",
		"chest_opened_img": "images/items/chest_opened.png",
      },
	  {
        "name": "VoK depths chest 1",
		"chest_unopened_img": "images/items/chest_closed.png",
		"chest_opened_img": "images/items/chest_opened.png",
      },
	  {
        "name": "VoK depths chest 2",
		"chest_unopened_img": "images/items/chest_closed.png",
		"chest_opened_img": "images/items/chest_opened.png",
      },
	  {
        "name": "VoK upper lvl chest 1",
		"chest_unopened_img": "images/items/chest_closed.png",
		"chest_opened_img": "images/items/chest_opened.png",
      },
	  {
        "name": "VoK upper lvl chest 2",
		"chest_unopened_img": "images/items/chest_closed.png",
		"chest_opened_img": "images/items/chest_opened.png",
      },
	  {
        "name": "VoK upper lvl chest 3",
		"chest_unopened_img": "images/items/chest_closed.png",
		"chest_opened_img": "images/items/chest_opened.png",
      },
	  {
        "name": "VoK upper lvl chest 4",
		"access_rules": ["Purifying_Bell"],
		"chest_unopened_img": "images/items/chest_closed.png",
		"chest_opened_img": "images/items/chest_opened.png",
      },
	  {
        "name": "Doxa Griel Boss Fight",
		"access_rules": ["Purifying_Bell"],
		"chest_unopened_img": "images/items/chest_closed.png",
		"chest_opened_img": "images/items/chest_opened.png",
      },

 
    ]
  },
  {
    "name": "Valley of Kings2",
    "access_rules": ["@Valley of Kings1, Purifying_Bell"],
    "chest_unopened_img": "images/items/chest_closed.png",
    "chest_opened_img": "images/items/chest_opened.png",
    "item_count": 1,
    "map_locations": [
      {
        "map": "Seiren",
        "x": 91,
        "y": 393,
        "size": 30
      }
    ],
    "sections": [
      {
        "name": "VoK lower lvl chest 4",
		"chest_unopened_img": "images/items/chest_closed.png",
		"chest_opened_img": "images/items/chest_opened.png",
      },
	  {
        "name": "VoK lower lvl chest 5",
		"chest_unopened_img": "images/items/chest_closed.png",
		"chest_opened_img": "images/items/chest_opened.png",
      },
	  {
        "name": "VoK lower lvl chest 6",
		"chest_unopened_img": "images/items/chest_closed.png",
		"chest_opened_img": "images/items/chest_opened.png",
      },
	  {
        "name": "VoK lower lvl chest 7",
		"chest_unopened_img": "images/items/chest_closed.png",
		"chest_opened_img": "images/items/chest_opened.png",
      },
	  {
        "name": "VoK lower lvl chest 8",
		"chest_unopened_img": "images/items/chest_closed.png",
		"chest_opened_img": "images/items/chest_opened.png",
      },
	  {
        "name": "VoK lower lvl chest 9",
		"access_rules": ["Archaeopteryx_Wing"],
		"chest_unopened_img": "images/items/chest_closed.png",
		"chest_opened_img": "images/items/chest_opened.png",
      },
	  {
        "name": "VoK lower lvl chest 10",
		"chest_unopened_img": "images/items/chest_closed.png",
		"chest_opened_img": "images/items/chest_opened.png",
      },
	  {
        "name": "VoK lower lvl chest 11",
		"access_rules": ["Archaeopteryx_Wing"],
		"chest_unopened_img": "images/items/chest_closed.png",
		"chest_opened_img": "images/items/chest_opened.png",
      },
	  {
        "name": "Basileus Boss Fight",
		"chest_unopened_img": "images/items/chest_closed.png",
		"chest_opened_img": "images/items/chest_opened.png",
      },
	  {
        "name": "Mistilteinn cutscene",
		"access_rules": ["$has|Psyches|4"],
		"chest_unopened_img": "images/items/chest_closed.png",
		"chest_opened_img": "images/items/chest_opened.png",
      },

 
    ]
  },
  
  
  //Valley of Kings Map Items
  {
    "item_count": 1,
    "children": [
      {
        "sections": [
          {
            "ref": "Valley of Kings1/Valley of Kings chest",
            "name": "Entrance Chest"
          }
        ],
        "map_locations": [
          {
            "map": "Valley_of_Kings",
            "x": 584,
            "y": 540,
			"size": 20
          }
        ]
      },
	  {
        "sections": [
          {
            "ref": "Valley of Kings1/VoK lower lvl chest 1",
            "name": "Lower lvl Chest 1"
          }
        ],
        "map_locations": [
          {
            "map": "Valley_of_Kings",
            "x": 1520,
            "y": 796,
			"size": 20
          }
        ]
      },
	  {
        "sections": [
          {
            "ref": "Valley of Kings1/VoK lower lvl chest 2",
            "name": "Lower lvl Chest 2"
          }
        ],
        "map_locations": [
          {
            "map": "Valley_of_Kings",
            "x": 1386,
            "y": 782,
			"size": 20
          }
        ]
      },
	  {
        "sections": [
          {
            "ref": "Valley of Kings1/VoK lower lvl chest 3",
            "name": "Lower lvl Chest 3"
          }
        ],
        "map_locations": [
          {
            "map": "Valley_of_Kings",
            "x": 1646,
            "y": 932,
			"size": 20
          }
        ]
      },
	  {
        "sections": [
          {
            "ref": "Valley of Kings1/VoK depths chest 1",
            "name": "Depths Chest 1"
          }
        ],
        "map_locations": [
          {
            "map": "Valley_of_Kings",
            "x": 918,
            "y": 1378,
			"size": 20
          }
        ]
      },
	  {
        "sections": [
          {
            "ref": "Valley of Kings1/VoK depths chest 2",
            "name": "Depths Chest 2"
          }
        ],
        "map_locations": [
          {
            "map": "Valley_of_Kings",
            "x": 988,
            "y": 1164,
			"size": 20
          }
        ]
      },
	  {
        "sections": [
          {
            "ref": "Valley of Kings1/VoK upper lvl chest 1",
            "name": "Upper lvl Chest 1"
          }
        ],
        "map_locations": [
          {
            "map": "Valley_of_Kings",
            "x": 1276,
            "y": 32,
			"size": 20
          }
        ]
      },
	  {
        "sections": [
          {
            "ref": "Valley of Kings1/VoK upper lvl chest 2",
            "name": "Upper lvl Chest 2"
          }
        ],
        "map_locations": [
          {
            "map": "Valley_of_Kings",
            "x": 1412,
            "y": 34,
			"size": 20
          }
        ]
      },
	  {
        "sections": [
          {
            "ref": "Valley of Kings1/VoK upper lvl chest 3",
            "name": "Upper lvl Chest 3"
          }
        ],
        "map_locations": [
          {
            "map": "Valley_of_Kings",
            "x": 1324,
            "y": 204,
			"size": 20
          }
        ]
      },
	  {
        "sections": [
          {
            "ref": "Valley of Kings1/VoK upper lvl chest 4",
            "name": "Upper lvl Chest 4"
          }
        ],
        "map_locations": [
          {
            "map": "Valley_of_Kings",
            "x": 1408,
            "y": 572,
			"size": 20
          }
        ]
      },
	  {
        "sections": [
          {
            "ref": "Valley of Kings1/Doxa Griel Boss Fight",
            "name": "Doxa Griel Boss Fight"
          }
        ],
        "map_locations": [
          {
            "map": "Valley_of_Kings",
            "x": 1384,
            "y": 388,
			"size": 20
          }
        ]
      },
	  {
        "sections": [
          {
            "ref": "Valley of Kings2/VoK lower lvl chest 4",
            "name": "Lower lvl Chest 4"
          }
        ],
        "map_locations": [
          {
            "map": "Valley_of_Kings",
            "x": 1090,
            "y": 944,
			"size": 20
          }
        ]
      },
	  {
        "sections": [
          {
            "ref": "Valley of Kings2/VoK lower lvl chest 5",
            "name": "Lower lvl Chest 5"
          }
        ],
        "map_locations": [
          {
            "map": "Valley_of_Kings",
            "x": 1054,
            "y": 942,
			"size": 20
          }
        ]
      },
	  {
        "sections": [
          {
            "ref": "Valley of Kings2/VoK lower lvl chest 6",
            "name": "Lower lvl Chest 6"
          }
        ],
        "map_locations": [
          {
            "map": "Valley_of_Kings",
            "x": 960,
            "y": 986,
			"size": 20
          }
        ]
      },
	  {
        "sections": [
          {
            "ref": "Valley of Kings2/VoK lower lvl chest 7",
            "name": "Lower lvl Chest 7"
          }
        ],
        "map_locations": [
          {
            "map": "Valley_of_Kings",
            "x": 866,
            "y": 1000,
			"size": 20
          }
        ]
      },
	  {
        "sections": [
          {
            "ref": "Valley of Kings2/VoK lower lvl chest 8",
            "name": "Lower lvl Chest 8"
          }
        ],
        "map_locations": [
          {
            "map": "Valley_of_Kings",
            "x": 598,
            "y": 1002,
			"size": 20
          }
        ]
      },
	  {
        "sections": [
          {
            "ref": "Valley of Kings2/VoK lower lvl chest 9",
            "name": "Lower lvl Chest 9"
          }
        ],
        "map_locations": [
          {
            "map": "Valley_of_Kings",
            "x": 636,
            "y": 986,
			"size": 20
          }
        ]
      },
	  {
        "sections": [
          {
            "ref": "Valley of Kings2/VoK lower lvl chest 10",
            "name": "Lower lvl Chest 10"
          }
        ],
        "map_locations": [
          {
            "map": "Valley_of_Kings",
            "x": 540,
            "y": 912,
			"size": 20
          }
        ]
      },
	  {
        "sections": [
          {
            "ref": "Valley of Kings2/VoK lower lvl chest 11",
            "name": "Lower lvl Chest 11"
          }
        ],
        "map_locations": [
          {
            "map": "Valley_of_Kings",
            "x": 546,
            "y": 940,
			"size": 20
          }
        ]
      },
	  {
        "sections": [
          {
            "ref": "Valley of Kings2/Basileus Boss Fight",
            "name": "Basileus Boss Fight"
          }
        ],
        "map_locations": [
          {
            "map": "Valley_of_Kings",
            "x": 214,
            "y": 972,
			"size": 20
          }
        ]
      },
	  {
        "sections": [
          {
            "ref": "Valley of Kings2/Mistilteinn cutscene",
            "name": "Mistilteinn cutscene"
          }
        ],
        "map_locations": [
          {
            "map": "Valley_of_Kings",
            "x": 30,
            "y": 972,
			"size": 20
          }
        ]
      },
	  
 
      
    ]
  },
  
 
]