[
  {
    "name": "Water and Wood Hills",
    "access_rules": ["@Longhorn Coast"],
    "chest_unopened_img": "images/items/chest_closed.png",
    "chest_opened_img": "images/items/chest_opened.png",
    "item_count": 1,
    "map_locations": [
      {
        "map": "Seiren",
        "x": 729,
        "y": 870,
        "size": 30
      }
    ],
    "sections": [
      {
        "name": "WWH chest 1",
		"chest_unopened_img": "images/items/chest_closed.png",
		"chest_opened_img": "images/items/chest_opened.png",
      },
	  {
        "name": "Miralda",
		"chest_unopened_img": "images/items/chest_closed.png",
		"chest_opened_img": "images/items/chest_opened.png",
		"access_rules": ["$has|Castaways|12"]
      },
	  {
        "name": "WWH chest 2",
		"chest_unopened_img": "images/items/chest_closed.png",
		"chest_opened_img": "images/items/chest_opened.png",
		"access_rules": ["Archaeopteryx_Wing, Grip_Gloves"]
      },
	  {
        "name": "WWH chest 3",
		"chest_unopened_img": "images/items/chest_closed.png",
		"chest_opened_img": "images/items/chest_opened.png",
		"access_rules": ["Archaeopteryx_Wing, Grip_Gloves"]
      },

 
    ]
  },
  // Map Items
  {
    "item_count": 1,
    "children": [
      {
        "sections": [
          {
            "ref": "Water and Wood Hills/WWH chest 1",
            "name": "Chest 1"
          }
        ],
        "map_locations": [
          {
            "map": "Water_and_Wood_Hills",
            "x": 115,
            "y": 418,
			"size": 20
          }
        ]
      },
	  {
        "sections": [
          {
            "ref": "Water and Wood Hills/Miralda",
            "name": "Find Miralda"
          }
        ],
        "map_locations": [
          {
            "map": "Water_and_Wood_Hills",
            "x": 646,
            "y": 675,
			"size": 20
          }
        ]
      },
	  {
        "sections": [
          {
            "ref": "Water and Wood Hills/WWH chest 2",
            "name": "Chest 2"
          }
        ],
        "map_locations": [
          {
            "map": "Water_and_Wood_Hills",
            "x": 533,
            "y": 54,
			"size": 20
          }
        ]
      },
	  {
        "sections": [
          {
            "ref": "Water and Wood Hills/WWH chest 3",
            "name": "Chest 3"
          }
        ],
        "map_locations": [
          {
            "map": "Water_and_Wood_Hills",
            "x": 521,
            "y": 29,
			"size": 20
          }
        ]
      },
 
      
    ]
  },
  
 
]