[
  {
    "name": "Waterdrop Cave",
    "access_rules": [],
    "chest_unopened_img": "images/items/chest_closed.png",
    "chest_opened_img": "images/items/chest_opened.png",
    "item_count": 1,
    "map_locations": [
      {
        "map": "Seiren",
        "x": 389,
        "y": 1005,
        "size": 30
      }
    ],
    "sections": [
      {
        "name": "Waterdrop chest 1",
		"chest_unopened_img": "images/items/chest_closed.png",
		"chest_opened_img": "images/items/chest_opened.png",
      },
	        {
        "name": "Waterdrop chest 2",
		"chest_unopened_img": "images/items/chest_closed.png",
		"chest_opened_img": "images/items/chest_opened.png",
      },
	        {
        "name": "Waterdrop pirate corpse",
		"chest_unopened_img": "images/items/chest_closed.png",
		"chest_opened_img": "images/items/chest_opened.png",
      },
	        {
        "name": "Waterdrop chest 3",
		"chest_unopened_img": "images/items/chest_closed.png",
		"chest_opened_img": "images/items/chest_opened.png",
      },
	  	{
        "name": "Byfteriza Boss Fight",
		"chest_unopened_img": "images/items/chest_closed.png",
		"chest_opened_img": "images/items/chest_opened.png",
      },
	  
 
    ]
  },
  //Waterdrop Cave Map Items
  {
    "item_count": 1,
    "children": [
      {
        "sections": [
          {
            "ref": "Waterdrop Cave/Waterdrop chest 1",
            "name": "Chest 1"
          }
        ],
        "map_locations": [
          {
            "map": "Waterdrop_Cave",
            "x": 440,
            "y": 121,
			"size": 20
          }
        ]
      },
      {
        "sections": [
          {
            "ref": "Waterdrop Cave/Waterdrop chest 2",
            "name": "Chest 2"
          }
        ],
        "map_locations": [
          {
            "map": "Waterdrop_Cave",
            "x": 538,
            "y": 173,
			"size": 20
          }
        ]
      },
	        {
        "sections": [
          {
            "ref": "Waterdrop Cave/Waterdrop chest 3",
            "name": "Chest 3"
          }
        ],
        "map_locations": [
          {
            "map": "Waterdrop_Cave",
            "x": 371,
            "y": 274,
			"size": 20
          }
        ]
      },
	        {
        "sections": [
          {
            "ref": "Waterdrop Cave/Waterdrop pirate corpse",
            "name": "Pirate Corpse"
          }
        ],
        "map_locations": [
          {
            "map": "Waterdrop_Cave",
            "x": 199,
            "y": 322,
			"size": 20
          }
        ]
      },
	  {
        "sections": [
          {
            "ref": "Waterdrop Cave/Byfteriza Boss Fight",
            "name": "Byfteriza Boss Fight"
          }
        ],
        "map_locations": [
          {
            "map": "Waterdrop_Cave",
            "x": 180,
            "y": 470,
			"size": 20
          }
        ]
      },
      
    ]
  },
  
 
]