[
  {
    "name": "Weathervane Hills",
    "access_rules": ["$access_weathervane_hills", "$access_weathervane_hills_landmarks"],
    "chest_unopened_img": "images/items/chest_closed.png",
    "chest_opened_img": "images/items/chest_opened.png",
    "item_count": 1,
    "map_locations": [
      {
        "map": "Seiren",
        "x": 330,
        "y": 985,
        "size": 30
      }
    ],
    "sections": [
      {
        "name": "Weathervane Hills chest 1",
		"chest_unopened_img": "images/items/chest_closed.png",
		"chest_opened_img": "images/items/chest_opened.png",
      },
	  {
        "name": "Weathervane Hills chest 2",
		"chest_unopened_img": "images/items/chest_closed.png",
		"chest_opened_img": "images/items/chest_opened.png",
      },
	  {
        "name": "Weathervane Hills chest 3",
		"chest_unopened_img": "images/items/chest_closed.png",
		"chest_opened_img": "images/items/chest_opened.png",
      },
	  {
        "name": "Zephyr Hill Discovery",
		"visibility_rules": ["landmark_sanity"],
		"chest_unopened_img": "images/items/chest_closed.png",
		"chest_opened_img": "images/items/chest_opened.png",
      },

 
    ]
  },
  // Map Items
  {
    "item_count": 1,
    "children": [
      {
        "sections": [
          {
            "ref": "Weathervane Hills/Weathervane Hills chest 1",
            "name": "Chest 1"
          }
        ],
        "map_locations": [
          {
            "map": "Weathervane_Hills",
            "x": 702,
            "y": 198,
			"size": 20
          }
        ]
      },
	  {
        "sections": [
          {
            "ref": "Weathervane Hills/Weathervane Hills chest 2",
            "name": "Chest 2"
          }
        ],
        "map_locations": [
          {
            "map": "Weathervane_Hills",
            "x": 726,
            "y": 80,
			"size": 20
          }
        ]
      },
	  {
        "sections": [
          {
            "ref": "Weathervane Hills/Weathervane Hills chest 3",
            "name": "Chest 3"
          }
        ],
        "map_locations": [
          {
            "map": "Weathervane_Hills",
            "x": 89,
            "y": 155,
			"size": 20
          }
        ]
      },
	  {
        "sections": [
          {
            "ref": "Weathervane Hills/Zephyr Hill Discovery",
            "name": "Zephyr Hill Discovery"
          }
        ],
        "map_locations": [
          {
            "map": "Weathervane_Hills",
            "x": 511,
            "y": 299,
			"size": 20
          }
        ]
      },
 
      
    ]
  },
  
 
]