[
  {
    "name": "West Foot of Gendarme",
    "access_rules": ["Floating_Shoes, $has|Castaways|11", "landmark_sanity, airs_cairn"],
    "chest_unopened_img": "images/items/chest_closed.png",
    "chest_opened_img": "images/items/chest_opened.png",
    "item_count": 1,
    "map_locations": [
      {
        "map": "Seiren",
        "x": 215,
        "y": 722,
        "size": 30
      }
    ],
    "sections": [
      {
        "name": "WFoG chest 1",
		"chest_unopened_img": "images/items/chest_closed.png",
		"chest_opened_img": "images/items/chest_opened.png",
      },
	  {
        "name": "WFoG chest 2",
		"chest_unopened_img": "images/items/chest_closed.png",
		"chest_opened_img": "images/items/chest_opened.png",
      },
	  {
        "name": "Airs Cairn Discovery",
		"visibility_rules": "landmark_sanity",
		"chest_unopened_img": "images/items/chest_closed.png",
		"chest_opened_img": "images/items/chest_opened.png",
      },
	  {
        "name": "Save Austin from wolves",
		"chest_unopened_img": "images/items/chest_closed.png",
		"chest_opened_img": "images/items/chest_opened.png",
      },
	  {
        "name": "Orichalcum Ore in cave",
		"chest_unopened_img": "images/items/chest_closed.png",
		"chest_opened_img": "images/items/chest_opened.png",
      },

 
    ]
  },
  //West Foot of Gendarme Map Items
  {
    "item_count": 1,
    "children": [
      
	  {
        "sections": [
          {
            "ref": "West Foot of Gendarme/WFoG chest 1",
            "name": "Chest 1"
          }
        ],
        "map_locations": [
          {
            "map": "W_Foot_of_Gendarme",
            "x": 827,
            "y": 270,
			"size": 20
          }
        ]
      },
	  {
        "sections": [
          {
            "ref": "West Foot of Gendarme/WFoG chest 2",
            "name": "Chest 2"
          },
		  {
            "ref": "West Foot of Gendarme/Airs Cairn Discovery",
            "name": "Airs Cairn Discovery"
          }
        ],
        "map_locations": [
          {
            "map": "W_Foot_of_Gendarme",
            "x": 31,
            "y": 182,
			"size": 20
          }
        ]
      },
	  {
        "sections": [
          {
            "ref": "West Foot of Gendarme/Save Austin from wolves",
            "name": "Save Austin from wolves"
          }
        ],
        "map_locations": [
          {
            "map": "W_Foot_of_Gendarme",
            "x": 52,
            "y": 69,
			"size": 20
          }
        ]
      },
	  {
        "sections": [
          {
            "ref": "West Foot of Gendarme/Orichalcum Ore in cave",
            "name": "Orichalcum Ore in cave"
          }
        ],
        "map_locations": [
          {
            "map": "W_Foot_of_Gendarme",
            "x": 496,
            "y": 31,
			"size": 20
          }
        ]
      },
 
      
    ]
  },
  
 
]