[
  {
    "name": "White Sand Coast",
    "access_rules": [],
    "chest_unopened_img": "images/items/chest_closed.png",
    "chest_opened_img": "images/items/chest_opened.png",
    "item_count": 1,
    "map_locations": [
      {
        "map": "Seiren",
        "x": 485,
        "y": 1098,
        "size": 30
      }
    ],
    "sections": [
      {
        "name": "WSC chest 1",
		"chest_unopened_img": "images/items/chest_closed.png",
		"chest_opened_img": "images/items/chest_opened.png",
      },
	  {
		"name": "Cobalt Crag Discovery",
		"visibility_rules": "landmark_sanity",
		"chest_unopened_img": "images/items/chest_closed.png",
		"chest_opened_img": "images/items/chest_opened.png",
	  },
	  {
        "name": "WSC chest 2",
		"access_rules": ["Archaeopteryx_Wing"],
		"chest_unopened_img": "images/items/chest_closed.png",
		"chest_opened_img": "images/items/chest_opened.png",
      },
	  {
        "name": "WSC chest 3",
		"chest_unopened_img": "images/items/chest_closed.png",
		"chest_opened_img": "images/items/chest_opened.png",
      },
	  {
        "name": "WSC chest 4",
		"chest_unopened_img": "images/items/chest_closed.png",
		"chest_opened_img": "images/items/chest_opened.png",
      },
	  {
        "name": "WSC chest 5",
		"chest_unopened_img": "images/items/chest_closed.png",
		"chest_opened_img": "images/items/chest_opened.png",
      },
	  {
        "name": "WSC chest 6",
		"chest_unopened_img": "images/items/chest_closed.png",
		"chest_opened_img": "images/items/chest_opened.png",
      },
	  {
        "name": "WSC chest 7",
		"access_rules": ["$has|Castaways|20"],
		"chest_unopened_img": "images/items/chest_closed.png",
		"chest_opened_img": "images/items/chest_opened.png",
      },
	  {
        "name": "Find Alison",
		"chest_unopened_img": "images/items/chest_closed.png",
		"chest_opened_img": "images/items/chest_opened.png",
      },
	  
 
    ]
  },
  //White Sand Coast Map Items
  {
    "item_count": 1,
    "children": [
      {
        "sections": [
          {
            "ref": "White Sand Coast/WSC chest 1",
            "name": "Chest 1"
          }
        ],
        "map_locations": [
          {
            "map": "White_Sand_Coast",
            "x": 247,
            "y": 157,
			"size": 20
          }
        ]
      },
	  {
        "sections": [
          {
            "ref": "White Sand Coast/WSC chest 2",
            "name": "Chest 2"
          }
        ],
        "map_locations": [
          {
            "map": "White_Sand_Coast",
            "x": 278,
            "y": 171,
			"size": 20
          }
        ]
      },
	  {
        "sections": [
          {
            "ref": "White Sand Coast/WSC chest 3",
            "name": "Chest 3"
          }
        ],
        "map_locations": [
          {
            "map": "White_Sand_Coast",
            "x": 461,
            "y": 229,
			"size": 20
          }
        ]
      },
	  {
        "sections": [
          {
            "ref": "White Sand Coast/WSC chest 4",
            "name": "Chest 4"
          }
        ],
        "map_locations": [
          {
            "map": "White_Sand_Coast",
            "x": 708,
            "y": 229,
			"size": 20
          }
        ]
      },
	  {
        "sections": [
          {
            "ref": "White Sand Coast/WSC chest 5",
            "name": "Chest 5"
          }
        ],
        "map_locations": [
          {
            "map": "White_Sand_Coast",
            "x": 1172,
            "y": 244,
			"size": 20
          }
        ]
      },
	  {
        "sections": [
          {
            "ref": "White Sand Coast/WSC chest 6",
            "name": "Chest 6"
          }
        ],
        "map_locations": [
          {
            "map": "White_Sand_Coast",
            "x": 1300,
            "y": 187,
			"size": 20
          }
        ]
      },
	  {
        "sections": [
          {
            "ref": "White Sand Coast/WSC chest 7",
            "name": "Chest 7"
          }
        ],
        "map_locations": [
          {
            "map": "White_Sand_Coast",
            "x": 738,
            "y": 66,
			"size": 20
          }
        ]
      },
	  {
        "sections": [
          {
            "ref": "White Sand Coast/Find Alison",
            "name": "Find Alison"
          }
        ],
        "map_locations": [
          {
            "map": "White_Sand_Coast",
            "x": 937,
            "y": 186,
			"size": 20
          }
        ]
      },
	  {
        "sections": [
          {
            "ref": "White Sand Coast/Cobalt Crag Discovery",
            "name": "Cobalt Crag Discovery"
          }
        ],
        "map_locations": [
          {
            "map": "White_Sand_Coast",
            "x": 388,
            "y": 131,
			"size": 20
          }
        ]
      },
      
      
    ]
  },
  
 
]